depth,reading,treatment,id,rep,date,air,water,sf,a,b,c,x
125,139930,SP,1,1,23/10/2013,164185,118257,0.528109214,0.475,0.418,0,0.56
115,139820,SP,1,1,23/10/2013,164185,118257,0.530504268,0.475,0.418,0,0.56
105,138050,SP,1,1,23/10/2013,164185,118257,0.56904285,0.475,0.418,0,0.58
95,137030,SP,1,1,23/10/2013,164185,118257,0.591251524,0.475,0.418,0,0.59
85,141380,SP,1,1,23/10/2013,164185,118257,0.49653806,0.475,0.418,0,0.55
75,145640,SP,1,1,23/10/2013,164185,118257,0.403784184,0.475,0.418,0,0.5
65,143210,SP,1,1,23/10/2013,164185,118257,0.456693085,0.475,0.418,0,0.53
55,147020,SP,1,1,23/10/2013,164185,118257,0.373737154,0.475,0.418,0,0.49
45,145700,SP,1,1,23/10/2013,164185,118257,0.402477791,0.475,0.418,0,0.5
35,143870,SP,1,1,23/10/2013,164185,118257,0.442322766,0.475,0.418,0,0.52
25,141670,SP,1,1,23/10/2013,164185,118257,0.490223829,0.475,0.418,0,0.54
15,145270,SP,1,1,23/10/2013,164185,118257,0.411840272,0.475,0.418,0,0.51
5,149580,SP,1,1,23/10/2013,164185,118257,0.317997736,0.475,0.418,0,0.45
125,140280,SP,1,2,23/10/2013,164185,118257,0.520488591,0.475,0.418,0,0.56
115,140050,SP,1,2,23/10/2013,164185,118257,0.525496429,0.475,0.418,0,0.56
105,137800,SP,1,2,23/10/2013,164185,118257,0.574486152,0.475,0.418,0,0.58
95,137470,SP,1,2,23/10/2013,164185,118257,0.581671312,0.475,0.418,0,0.58
85,141900,SP,1,2,23/10/2013,164185,118257,0.48521599,0.475,0.418,0,0.54
75,147780,SP,1,2,23/10/2013,164185,118257,0.357189514,0.475,0.418,0,0.48
65,145090,SP,1,2,23/10/2013,164185,118257,0.41575945,0.475,0.418,0,0.51
55,147270,SP,1,2,23/10/2013,164185,118257,0.368293851,0.475,0.418,0,0.48
45,145770,SP,1,2,23/10/2013,164185,118257,0.400953667,0.475,0.418,0,0.5
35,144480,SP,1,2,23/10/2013,164185,118257,0.429041108,0.475,0.418,0,0.51
25,143090,SP,1,2,23/10/2013,164185,118257,0.45930587,0.475,0.418,0,0.53
15,145520,SP,1,2,23/10/2013,164185,118257,0.406396969,0.475,0.418,0,0.5
5,145700,SP,1,2,23/10/2013,164185,118257,0.402477791,0.475,0.418,0,0.5
125,140050,SP,1,3,23/10/2013,164185,118257,0.525496429,0.475,0.418,0,0.56
115,138910,SP,1,3,23/10/2013,164185,118257,0.550317889,0.475,0.418,0,0.57
105,138410,SP,1,3,23/10/2013,164185,118257,0.561204494,0.475,0.418,0,0.58
95,137580,SP,1,3,23/10/2013,164185,118257,0.579276258,0.475,0.418,0,0.58
85,146010,SP,1,3,23/10/2013,164185,118257,0.395728096,0.475,0.418,0,0.5
75,146010,SP,1,3,23/10/2013,164185,118257,0.395728096,0.475,0.418,0,0.5
65,143810,SP,1,3,23/10/2013,164185,118257,0.443629159,0.475,0.418,0,0.52
55,147080,SP,1,3,23/10/2013,164185,118257,0.372430761,0.475,0.418,0,0.48
45,146010,SP,1,3,23/10/2013,164185,118257,0.395728096,0.475,0.418,0,0.5
35,144350,SP,1,3,23/10/2013,164185,118257,0.431871625,0.475,0.418,0,0.52
25,143090,SP,1,3,23/10/2013,164185,118257,0.45930587,0.475,0.418,0,0.53
15,145890,SP,1,3,23/10/2013,164185,118257,0.398340881,0.475,0.418,0,0.5
5,147900,SP,1,3,23/10/2013,164185,118257,0.354576729,0.475,0.418,0,0.47
125,140620,PA,2,1,23/10/2013,164185,118257,0.513085699,0.475,0.418,0,0.55
115,138910,PA,2,1,23/10/2013,164185,118257,0.550317889,0.475,0.418,0,0.57
105,138300,PA,2,1,23/10/2013,164185,118257,0.563599547,0.475,0.418,0,0.58
95,142260,PA,2,1,23/10/2013,164185,118257,0.477377635,0.475,0.418,0,0.54
85,141030,PA,2,1,23/10/2013,164185,118257,0.504158683,0.475,0.418,0,0.55
75,140160,PA,2,1,23/10/2013,164185,118257,0.523101376,0.475,0.418,0,0.56
65,139030,PA,2,1,23/10/2013,164185,118257,0.547705104,0.475,0.418,0,0.57
55,138740,PA,2,1,23/10/2013,164185,118257,0.554019335,0.475,0.418,0,0.57
45,138690,PA,2,1,23/10/2013,164185,118257,0.555107995,0.475,0.418,0,0.57
35,139710,PA,2,1,23/10/2013,164185,118257,0.532899321,0.475,0.418,0,0.56
25,143210,PA,2,1,23/10/2013,164185,118257,0.456693085,0.475,0.418,0,0.53
15,144600,PA,2,1,23/10/2013,164185,118257,0.426428323,0.475,0.418,0,0.51
5,146890,PA,2,1,23/10/2013,164185,118257,0.376567671,0.475,0.418,0,0.49
125,144290,SP,2,1,23/10/2013,164185,118257,0.433178018,0.475,0.418,0,0.52
115,142850,SP,2,1,23/10/2013,164185,118257,0.464531441,0.475,0.418,0,0.53
105,143810,SP,2,1,23/10/2013,164185,118257,0.443629159,0.475,0.418,0,0.52
95,142610,SP,2,1,23/10/2013,164185,118257,0.469757011,0.475,0.418,0,0.53
85,146890,SP,2,1,23/10/2013,164185,118257,0.376567671,0.475,0.418,0,0.49
75,146510,SP,2,1,23/10/2013,164185,118257,0.384841491,0.475,0.418,0,0.49
65,147650,SP,2,1,23/10/2013,164185,118257,0.360020031,0.475,0.418,0,0.48
55,149450,SP,2,1,23/10/2013,164185,118257,0.320828253,0.475,0.418,0,0.46
45,146760,SP,2,1,23/10/2013,164185,118257,0.379398188,0.475,0.418,0,0.49
35,145770,SP,2,1,23/10/2013,164185,118257,0.400953667,0.475,0.418,0,0.5
25,149520,SP,2,1,23/10/2013,164185,118257,0.319304128,0.475,0.418,0,0.45
15,143210,SP,2,1,23/10/2013,164185,118257,0.456693085,0.475,0.418,0,0.53
5,153190,SP,2,1,23/10/2013,164185,118257,0.239396447,0.475,0.418,0,0.4
125,132010,PA,3,1,23/10/2013,164185,118257,0.70055304,0.475,0.418,0,0.63
115,135780,PA,3,1,23/10/2013,164185,118257,0.618468037,0.475,0.418,0,0.6
105,137690,PA,3,1,23/10/2013,164185,118257,0.576881205,0.475,0.418,0,0.58
95,139480,PA,3,1,23/10/2013,164185,118257,0.537907159,0.475,0.418,0,0.57
85,146760,PA,3,1,23/10/2013,164185,118257,0.379398188,0.475,0.418,0,0.49
75,144170,PA,3,1,23/10/2013,164185,118257,0.435790803,0.475,0.418,0,0.52
65,142140,PA,3,1,23/10/2013,164185,118257,0.47999042,0.475,0.418,0,0.54
55,141730,PA,3,1,23/10/2013,164185,118257,0.488917436,0.475,0.418,0,0.54
45,148430,PA,3,1,23/10/2013,164185,118257,0.343036927,0.475,0.418,0,0.47
35,144170,PA,3,1,23/10/2013,164185,118257,0.435790803,0.475,0.418,0,0.52
25,144720,PA,3,1,23/10/2013,164185,118257,0.423815537,0.475,0.418,0,0.51
15,142480,PA,3,1,23/10/2013,164185,118257,0.472587528,0.475,0.418,0,0.54
5,147140,PA,3,1,23/10/2013,164185,118257,0.371124369,0.475,0.418,0,0.48
85,142910,SP,3,1,23/10/2013,164185,118257,0.463225048,0.475,0.418,0,0.53
75,145600,SP,3,1,23/10/2013,164185,118257,0.404655112,0.475,0.418,0,0.5
65,141090,SP,3,1,23/10/2013,164185,118257,0.502852291,0.475,0.418,0,0.55
55,139880,SP,3,1,23/10/2013,164185,118257,0.529197875,0.475,0.418,0,0.56
45,145520,SP,3,1,23/10/2013,164185,118257,0.406396969,0.475,0.418,0,0.5
35,145700,SP,3,1,23/10/2013,164185,118257,0.402477791,0.475,0.418,0,0.5
25,139930,SP,3,1,23/10/2013,164185,118257,0.528109214,0.475,0.418,0,0.56
15,138070,SP,3,1,23/10/2013,164185,118257,0.568607385,0.475,0.418,0,0.58
5,148420,SP,3,1,23/10/2013,164185,118257,0.343254659,0.475,0.418,0,0.47
95,143930,FW,3,1,23/10/2013,164185,118257,0.441016373,0.475,0.418,0,0.52
85,144290,FW,3,1,23/10/2013,164185,118257,0.433178018,0.475,0.418,0,0.52
75,147020,FW,3,1,23/10/2013,164185,118257,0.373737154,0.475,0.418,0,0.49
65,145390,FW,3,1,23/10/2013,164185,118257,0.409227487,0.475,0.418,0,0.5
55,147900,FW,3,1,23/10/2013,164185,118257,0.354576729,0.475,0.418,0,0.47
45,147020,FW,3,1,23/10/2013,164185,118257,0.373737154,0.475,0.418,0,0.49
35,142610,FW,3,1,23/10/2013,164185,118257,0.469757011,0.475,0.418,0,0.53
25,141200,FW,3,1,23/10/2013,164185,118257,0.500457237,0.475,0.418,0,0.55
15,144780,FW,3,1,23/10/2013,164185,118257,0.422509145,0.475,0.418,0,0.51
5,150370,FW,3,1,23/10/2013,164185,118257,0.300796899,0.475,0.418,0,0.44
125,140110,FW,2,1,23/10/2013,164185,118257,0.524190037,0.475,0.418,0,0.56
115,139250,FW,2,1,23/10/2013,164185,118257,0.542914997,0.475,0.418,0,0.57
105,139820,FW,2,1,23/10/2013,164185,118257,0.530504268,0.475,0.418,0,0.56
95,141090,FW,2,1,23/10/2013,164185,118257,0.502852291,0.475,0.418,0,0.55
85,142910,FW,2,1,23/10/2013,164185,118257,0.463225048,0.475,0.418,0,0.53
75,144410,FW,2,1,23/10/2013,164185,118257,0.430565233,0.475,0.418,0,0.52
65,142310,FW,2,1,23/10/2013,164185,118257,0.476288974,0.475,0.418,0,0.54
55,143450,FW,2,1,23/10/2013,164185,118257,0.451467514,0.475,0.418,0,0.53
45,144290,FW,2,1,23/10/2013,164185,118257,0.433178018,0.475,0.418,0,0.52
35,144600,FW,2,1,23/10/2013,164185,118257,0.426428323,0.475,0.418,0,0.51
25,137690,FW,2,1,23/10/2013,164185,118257,0.576881205,0.475,0.418,0,0.58
15,136640,FW,2,1,23/10/2013,164185,118257,0.599743076,0.475,0.418,0,0.59
5,149320,FW,2,1,23/10/2013,164185,118257,0.32365877,0.475,0.418,0,0.46
125,132370,PA,1,1,23/10/2013,164185,118257,0.692714684,0.475,0.418,0,0.63
115,135940,PA,1,1,23/10/2013,164185,118257,0.614984323,0.475,0.418,0,0.6
105,137800,PA,1,1,23/10/2013,164185,118257,0.574486152,0.475,0.418,0,0.58
95,136810,PA,1,1,23/10/2013,164185,118257,0.59604163,0.475,0.418,0,0.59
85,140740,PA,1,1,23/10/2013,164185,118257,0.510472914,0.475,0.418,0,0.55
75,141790,PA,1,1,23/10/2013,164185,118257,0.487611043,0.475,0.418,0,0.54
65,142080,PA,1,1,23/10/2013,164185,118257,0.481296812,0.475,0.418,0,0.54
55,139080,PA,1,1,23/10/2013,164185,118257,0.546616443,0.475,0.418,0,0.57
45,137250,PA,1,1,23/10/2013,164185,118257,0.586461418,0.475,0.418,0,0.59
35,138800,PA,1,1,23/10/2013,164185,118257,0.552712942,0.475,0.418,0,0.57
25,137030,PA,1,1,23/10/2013,164185,118257,0.591251524,0.475,0.418,0,0.59
15,136970,PA,1,1,23/10/2013,164185,118257,0.592557917,0.475,0.418,0,0.59
5,148800,PA,1,1,23/10/2013,164185,118257,0.33498084,0.475,0.418,0,0.46
125,140850,FW,1,1,23/10/2013,164185,118257,0.508077861,0.475,0.418,0,0.55
115,141140,FW,1,1,23/10/2013,164185,118257,0.50176363,0.475,0.418,0,0.55
105,142260,FW,1,1,23/10/2013,164185,118257,0.477377635,0.475,0.418,0,0.54
95,141550,FW,1,1,23/10/2013,164185,118257,0.492836614,0.475,0.418,0,0.55
85,143330,FW,1,1,23/10/2013,164185,118257,0.4540803,0.475,0.418,0,0.53
75,140850,FW,1,1,23/10/2013,164185,118257,0.508077861,0.475,0.418,0,0.55
65,137250,FW,1,1,23/10/2013,164185,118257,0.586461418,0.475,0.418,0,0.59
55,139760,FW,1,1,23/10/2013,164185,118257,0.53181066,0.475,0.418,0,0.56
45,139760,FW,1,1,23/10/2013,164185,118257,0.53181066,0.475,0.418,0,0.56
35,138800,FW,1,1,23/10/2013,164185,118257,0.552712942,0.475,0.418,0,0.57
25,140280,FW,1,1,23/10/2013,164185,118257,0.520488591,0.475,0.418,0,0.56
15,144050,FW,1,1,23/10/2013,164185,118257,0.438403588,0.475,0.418,0,0.52
5,149190,FW,1,1,23/10/2013,164185,118257,0.326489288,0.475,0.418,0,0.46
125,130460,PA,1,1,01/11/2013,164185,118257,0.734301515,0.475,0.418,0,0.64
115,131360,PA,1,1,01/11/2013,164185,118257,0.714705626,0.475,0.418,0,0.64
105,131100,PA,1,1,01/11/2013,164185,118257,0.720366661,0.475,0.418,0,0.64
95,131460,PA,1,1,01/11/2013,164185,118257,0.712528305,0.475,0.418,0,0.64
85,135720,PA,1,1,01/11/2013,164185,118257,0.61977443,0.475,0.418,0,0.6
75,137250,PA,1,1,01/11/2013,164185,118257,0.586461418,0.475,0.418,0,0.59
65,137300,PA,1,1,01/11/2013,164185,118257,0.585372757,0.475,0.418,0,0.59
55,139140,PA,1,1,01/11/2013,164185,118257,0.545310051,0.475,0.418,0,0.57
45,138240,PA,1,1,01/11/2013,164185,118257,0.56490594,0.475,0.418,0,0.58
35,138580,PA,1,1,01/11/2013,164185,118257,0.557503048,0.475,0.418,0,0.57
25,136050,PA,1,1,01/11/2013,164185,118257,0.61258927,0.475,0.418,0,0.6
15,133660,PA,1,1,01/11/2013,164185,118257,0.664627243,0.475,0.418,0,0.62
125,140280,SP,1,1,01/11/2013,164185,118257,0.520488591,0.475,0.418,0,0.56
115,140970,SP,1,1,01/11/2013,164185,118257,0.505465076,0.475,0.418,0,0.55
105,139930,SP,1,1,01/11/2013,164185,118257,0.528109214,0.475,0.418,0,0.56
95,140620,SP,1,1,01/11/2013,164185,118257,0.513085699,0.475,0.418,0,0.55
85,142610,SP,1,1,01/11/2013,164185,118257,0.469757011,0.475,0.418,0,0.53
75,147200,SP,1,1,01/11/2013,164185,118257,0.369817976,0.475,0.418,0,0.48
65,144540,SP,1,1,01/11/2013,164185,118257,0.427734715,0.475,0.418,0,0.51
55,144840,SP,1,1,01/11/2013,164185,118257,0.421202752,0.475,0.418,0,0.51
45,144660,SP,1,1,01/11/2013,164185,118257,0.42512193,0.475,0.418,0,0.51
35,143210,SP,1,1,01/11/2013,164185,118257,0.456693085,0.475,0.418,0,0.53
25,141790,SP,1,1,01/11/2013,164185,118257,0.487611043,0.475,0.418,0,0.54
15,143810,SP,1,1,01/11/2013,164185,118257,0.443629159,0.475,0.418,0,0.52
125,130700,PA,2,1,01/11/2013,164185,118257,0.729075945,0.475,0.418,0,0.64
115,130160,PA,2,1,01/11/2013,164185,118257,0.740833478,0.475,0.418,0,0.65
105,129860,PA,2,1,01/11/2013,164185,118257,0.747365442,0.475,0.418,0,0.65
95,129520,PA,2,1,01/11/2013,164185,118257,0.754768333,0.475,0.418,0,0.65
85,131050,PA,2,1,01/11/2013,164185,118257,0.721455321,0.475,0.418,0,0.64
75,130800,PA,2,1,01/11/2013,164185,118257,0.726898624,0.475,0.418,0,0.64
65,130900,PA,2,1,01/11/2013,164185,118257,0.724721303,0.475,0.418,0,0.64
55,130560,PA,2,1,01/11/2013,164185,118257,0.732124194,0.475,0.418,0,0.64
45,137910,PA,2,1,01/11/2013,164185,118257,0.572091099,0.475,0.418,0,0.58
35,140280,PA,2,1,01/11/2013,164185,118257,0.520488591,0.475,0.418,0,0.56
25,142490,PA,2,1,01/11/2013,164185,118257,0.472369796,0.475,0.418,0,0.54
15,143090,PA,2,1,01/11/2013,164185,118257,0.45930587,0.475,0.418,0,0.53
125,144170,SP,2,1,01/11/2013,164185,118257,0.435790803,0.475,0.418,0,0.52
115,142080,SP,2,1,01/11/2013,164185,118257,0.481296812,0.475,0.418,0,0.54
105,139990,SP,2,1,01/11/2013,164185,118257,0.526802822,0.475,0.418,0,0.56
95,142670,SP,2,1,01/11/2013,164185,118257,0.468450618,0.475,0.418,0,0.53
85,146890,SP,2,1,01/11/2013,164185,118257,0.376567671,0.475,0.418,0,0.49
75,146080,SP,2,1,01/11/2013,164185,118257,0.394203971,0.475,0.418,0,0.5
65,146010,SP,2,1,01/11/2013,164185,118257,0.395728096,0.475,0.418,0,0.5
55,149840,SP,2,1,01/11/2013,164185,118257,0.312336701,0.475,0.418,0,0.45
45,144660,SP,2,1,01/11/2013,164185,118257,0.42512193,0.475,0.418,0,0.51
35,144600,SP,2,1,01/11/2013,164185,118257,0.426428323,0.475,0.418,0,0.51
25,142260,SP,2,1,01/11/2013,164185,118257,0.477377635,0.475,0.418,0,0.54
15,142610,SP,2,1,01/11/2013,164185,118257,0.469757011,0.475,0.418,0,0.53
125,131200,PA,3,1,01/11/2013,164185,118257,0.71818934,0.475,0.418,0,0.64
115,132220,PA,3,1,01/11/2013,164185,118257,0.695980665,0.475,0.418,0,0.63
105,137410,PA,3,1,01/11/2013,164185,118257,0.582977704,0.475,0.418,0,0.58
95,142550,PA,3,1,01/11/2013,164185,118257,0.471063404,0.475,0.418,0,0.53
85,148540,PA,3,1,01/11/2013,164185,118257,0.340641874,0.475,0.418,0,0.47
75,144230,PA,3,1,01/11/2013,164185,118257,0.43448441,0.475,0.418,0,0.52
65,142080,PA,3,1,01/11/2013,164185,118257,0.481296812,0.475,0.418,0,0.54
55,141440,PA,3,1,01/11/2013,164185,118257,0.495231667,0.475,0.418,0,0.55
45,146140,PA,3,1,01/11/2013,164185,118257,0.392897579,0.475,0.418,0,0.5
35,145770,PA,3,1,01/11/2013,164185,118257,0.400953667,0.475,0.418,0,0.5
25,145150,PA,3,1,01/11/2013,164185,118257,0.414453057,0.475,0.418,0,0.51
15,143150,PA,3,1,01/11/2013,164185,118257,0.457999477,0.475,0.418,0,0.53
85,145770,SP,3,1,01/11/2013,164185,118257,0.400953667,0.475,0.418,0,0.5
75,147140,SP,3,1,01/11/2013,164185,118257,0.371124369,0.475,0.418,0,0.48
65,143450,SP,3,1,01/11/2013,164185,118257,0.451467514,0.475,0.418,0,0.53
55,141440,SP,3,1,01/11/2013,164185,118257,0.495231667,0.475,0.418,0,0.55
45,144050,SP,3,1,01/11/2013,164185,118257,0.438403588,0.475,0.418,0,0.52
35,146700,SP,3,1,01/11/2013,164185,118257,0.380704581,0.475,0.418,0,0.49
25,137470,SP,3,1,01/11/2013,164185,118257,0.581671312,0.475,0.418,0,0.58
15,136480,SP,3,1,01/11/2013,164185,118257,0.60322679,0.475,0.418,0,0.59
95,143870,FW,3,1,01/11/2013,164185,118257,0.442322766,0.475,0.418,0,0.52
85,144540,FW,3,1,01/11/2013,164185,118257,0.427734715,0.475,0.418,0,0.51
75,146890,FW,3,1,01/11/2013,164185,118257,0.376567671,0.475,0.418,0,0.49
65,143210,FW,3,1,01/11/2013,164185,118257,0.456693085,0.475,0.418,0,0.53
55,144660,FW,3,1,01/11/2013,164185,118257,0.42512193,0.475,0.418,0,0.51
45,146260,FW,3,1,01/11/2013,164185,118257,0.390284794,0.475,0.418,0,0.49
35,143210,FW,3,1,01/11/2013,164185,118257,0.456693085,0.475,0.418,0,0.53
25,141320,FW,3,1,01/11/2013,164185,118257,0.497844452,0.475,0.418,0,0.55
15,145580,FW,3,1,01/11/2013,164185,118257,0.405090577,0.475,0.418,0,0.5
125,140050,FW,2,1,01/11/2013,164185,118257,0.525496429,0.475,0.418,0,0.56
115,141200,FW,2,1,01/11/2013,164185,118257,0.500457237,0.475,0.418,0,0.55
105,141900,FW,2,1,01/11/2013,164185,118257,0.48521599,0.475,0.418,0,0.54
95,143150,FW,2,1,01/11/2013,164185,118257,0.457999477,0.475,0.418,0,0.53
85,140740,FW,2,1,01/11/2013,164185,118257,0.510472914,0.475,0.418,0,0.55
75,140570,FW,2,1,01/11/2013,164185,118257,0.51417436,0.475,0.418,0,0.55
65,139990,FW,2,1,01/11/2013,164185,118257,0.526802822,0.475,0.418,0,0.56
55,140570,FW,2,1,01/11/2013,164185,118257,0.51417436,0.475,0.418,0,0.55
45,144170,FW,2,1,01/11/2013,164185,118257,0.435790803,0.475,0.418,0,0.52
35,144350,FW,2,1,01/11/2013,164185,118257,0.431871625,0.475,0.418,0,0.52
25,136320,FW,2,1,01/11/2013,164185,118257,0.606710503,0.475,0.418,0,0.59
15,134180,FW,2,1,01/11/2013,164185,118257,0.653305173,0.475,0.418,0,0.61
125,141610,FW,1,1,01/11/2013,164185,118257,0.491530221,0.475,0.418,0,0.54
115,142140,FW,1,1,01/11/2013,164185,118257,0.47999042,0.475,0.418,0,0.54
105,143450,FW,1,1,01/11/2013,164185,118257,0.451467514,0.475,0.418,0,0.53
95,142730,FW,1,1,01/11/2013,164185,118257,0.467144226,0.475,0.418,0,0.53
85,142970,FW,1,1,01/11/2013,164185,118257,0.461918655,0.475,0.418,0,0.53
75,142550,FW,1,1,01/11/2013,164185,118257,0.471063404,0.475,0.418,0,0.53
65,140570,FW,1,1,01/11/2013,164185,118257,0.51417436,0.475,0.418,0,0.55
55,141490,FW,1,1,01/11/2013,164185,118257,0.494143006,0.475,0.418,0,0.55
45,139880,FW,1,1,01/11/2013,164185,118257,0.529197875,0.475,0.418,0,0.56
35,138460,FW,1,1,01/11/2013,164185,118257,0.560115833,0.475,0.418,0,0.57
25,138580,FW,1,1,01/11/2013,164185,118257,0.557503048,0.475,0.418,0,0.57
15,140160,FW,1,1,01/11/2013,164185,118257,0.523101376,0.475,0.418,0,0.56
125,129760,PA,1,1,08/11/2013,168824,117254,0.757494667,0.475,0.418,0,0.65
115,130210,PA,1,1,08/11/2013,168824,117254,0.748768664,0.475,0.418,0,0.65
105,129620,PA,1,1,08/11/2013,168824,117254,0.760209424,0.475,0.418,0,0.65
95,129420,PA,1,1,08/11/2013,168824,117254,0.764087648,0.475,0.418,0,0.65
85,130110,PA,1,1,08/11/2013,168824,117254,0.750707776,0.475,0.418,0,0.65
75,130260,PA,1,1,08/11/2013,168824,117254,0.747799108,0.475,0.418,0,0.65
65,130110,PA,1,1,08/11/2013,168824,117254,0.750707776,0.475,0.418,0,0.65
55,128930,PA,1,1,08/11/2013,168824,117254,0.773589296,0.475,0.418,0,0.66
45,129370,PA,1,1,08/11/2013,168824,117254,0.765057204,0.475,0.418,0,0.66
35,134240,PA,1,1,08/11/2013,168824,117254,0.670622455,0.475,0.418,0,0.62
25,133760,PA,1,1,08/11/2013,168824,117254,0.679930192,0.475,0.418,0,0.62
15,131960,PA,1,1,08/11/2013,168824,117254,0.714834206,0.475,0.418,0,0.64
125,140620,SP,1,1,08/11/2013,168824,117254,0.546907117,0.475,0.418,0,0.57
115,141550,SP,1,1,08/11/2013,168824,117254,0.528873376,0.475,0.418,0,0.56
105,141200,SP,1,1,08/11/2013,168824,117254,0.535660268,0.475,0.418,0,0.56
95,140740,SP,1,1,08/11/2013,168824,117254,0.544580182,0.475,0.418,0,0.57
85,143330,SP,1,1,08/11/2013,168824,117254,0.494357184,0.475,0.418,0,0.55
75,147650,SP,1,1,08/11/2013,168824,117254,0.410587551,0.475,0.418,0,0.5
65,144170,SP,1,1,08/11/2013,168824,117254,0.478068645,0.475,0.418,0,0.54
55,146330,SP,1,1,08/11/2013,168824,117254,0.436183828,0.475,0.418,0,0.52
45,144540,SP,1,1,08/11/2013,168824,117254,0.470893931,0.475,0.418,0,0.53
35,142430,SP,1,1,08/11/2013,168824,117254,0.511809191,0.475,0.418,0,0.55
25,139080,SP,1,1,08/11/2013,168824,117254,0.57676944,0.475,0.418,0,0.58
15,141260,SP,1,1,08/11/2013,168824,117254,0.5344968,0.475,0.418,0,0.56
125,131150,PA,2,1,08/11/2013,168824,117254,0.730541012,0.475,0.418,0,0.64
115,131000,PA,2,1,08/11/2013,168824,117254,0.73344968,0.475,0.418,0,0.64
105,130900,PA,2,1,08/11/2013,168824,117254,0.735388792,0.475,0.418,0,0.64
95,130560,PA,2,1,08/11/2013,168824,117254,0.741981772,0.475,0.418,0,0.65
85,130800,PA,2,1,08/11/2013,168824,117254,0.737327904,0.475,0.418,0,0.64
75,130650,PA,2,1,08/11/2013,168824,117254,0.740236572,0.475,0.418,0,0.65
65,130750,PA,2,1,08/11/2013,168824,117254,0.73829746,0.475,0.418,0,0.65
55,130260,PA,2,1,08/11/2013,168824,117254,0.747799108,0.475,0.418,0,0.65
45,130160,PA,2,1,08/11/2013,168824,117254,0.74973822,0.475,0.418,0,0.65
35,130460,PA,2,1,08/11/2013,168824,117254,0.743920884,0.475,0.418,0,0.65
25,133710,PA,2,1,08/11/2013,168824,117254,0.680899748,0.475,0.418,0,0.62
15,142140,PA,2,1,08/11/2013,168824,117254,0.517432616,0.475,0.418,0,0.56
125,143510,SP,2,1,08/11/2013,168824,117254,0.490866783,0.475,0.418,0,0.54
115,143090,SP,2,1,08/11/2013,168824,117254,0.499011053,0.475,0.418,0,0.55
105,140800,SP,2,1,08/11/2013,168824,117254,0.543416715,0.475,0.418,0,0.57
95,142380,SP,2,1,08/11/2013,168824,117254,0.512778747,0.475,0.418,0,0.55
85,146700,SP,2,1,08/11/2013,168824,117254,0.429009114,0.475,0.418,0,0.51
75,147390,SP,2,1,08/11/2013,168824,117254,0.415629242,0.475,0.418,0,0.51
65,147140,SP,2,1,08/11/2013,168824,117254,0.420477022,0.475,0.418,0,0.51
55,150170,SP,2,1,08/11/2013,168824,117254,0.361721931,0.475,0.418,0,0.48
45,145640,SP,2,1,08/11/2013,168824,117254,0.4495637,0.475,0.418,0,0.52
35,143270,SP,2,1,08/11/2013,168824,117254,0.495520652,0.475,0.418,0,0.55
25,140160,SP,2,1,08/11/2013,168824,117254,0.555827031,0.475,0.418,0,0.57
15,143450,SP,2,1,08/11/2013,168824,117254,0.49203025,0.475,0.418,0,0.54
125,132220,PA,3,1,08/11/2013,168824,117254,0.709792515,0.475,0.418,0,0.63
115,132110,PA,3,1,08/11/2013,168824,117254,0.711925538,0.475,0.418,0,0.64
105,132060,PA,3,1,08/11/2013,168824,117254,0.712895094,0.475,0.418,0,0.64
95,143030,PA,3,1,08/11/2013,168824,117254,0.50017452,0.475,0.418,0,0.55
85,148670,PA,3,1,08/11/2013,168824,117254,0.39080861,0.475,0.418,0,0.49
75,143810,PA,3,1,08/11/2013,168824,117254,0.485049447,0.475,0.418,0,0.54
65,140510,PA,3,1,08/11/2013,168824,117254,0.54904014,0.475,0.418,0,0.57
55,139710,PA,3,1,08/11/2013,168824,117254,0.564553035,0.475,0.418,0,0.58
45,144900,PA,3,1,08/11/2013,168824,117254,0.463913128,0.475,0.418,0,0.53
35,144840,PA,3,1,08/11/2013,168824,117254,0.465076595,0.475,0.418,0,0.53
25,142490,PA,3,1,08/11/2013,168824,117254,0.510645724,0.475,0.418,0,0.55
15,143030,PA,3,1,08/11/2013,168824,117254,0.50017452,0.475,0.418,0,0.55
85,143630,SP,3,1,08/11/2013,168824,117254,0.488539849,0.475,0.418,0,0.54
75,146330,SP,3,1,08/11/2013,168824,117254,0.436183828,0.475,0.418,0,0.52
65,142380,SP,3,1,08/11/2013,168824,117254,0.512778747,0.475,0.418,0,0.55
55,139590,SP,3,1,08/11/2013,168824,117254,0.566879969,0.475,0.418,0,0.58
45,141320,SP,3,1,08/11/2013,168824,117254,0.533333333,0.475,0.418,0,0.56
35,147020,SP,3,1,08/11/2013,168824,117254,0.422803956,0.475,0.418,0,0.51
25,140390,SP,3,1,08/11/2013,168824,117254,0.551367074,0.475,0.418,0,0.57
15,135240,SP,3,1,08/11/2013,168824,117254,0.651231336,0.475,0.418,0,0.61
95,142790,FW,3,1,08/11/2013,168824,117254,0.504828389,0.475,0.418,0,0.55
85,144410,FW,3,1,08/11/2013,168824,117254,0.473414776,0.475,0.418,0,0.54
75,147200,FW,3,1,08/11/2013,168824,117254,0.419313554,0.475,0.418,0,0.51
65,142380,FW,3,1,08/11/2013,168824,117254,0.512778747,0.475,0.418,0,0.55
55,144290,FW,3,1,08/11/2013,168824,117254,0.47574171,0.475,0.418,0,0.54
45,144540,FW,3,1,08/11/2013,168824,117254,0.470893931,0.475,0.418,0,0.53
35,140620,FW,3,1,08/11/2013,168824,117254,0.546907117,0.475,0.418,0,0.57
25,138070,FW,3,1,08/11/2013,168824,117254,0.59635447,0.475,0.418,0,0.59
15,143930,FW,3,1,08/11/2013,168824,117254,0.482722513,0.475,0.418,0,0.54
125,138460,FW,2,1,08/11/2013,168824,117254,0.588791933,0.475,0.418,0,0.59
115,138580,FW,2,1,08/11/2013,168824,117254,0.586464999,0.475,0.418,0,0.59
105,139990,FW,2,1,08/11/2013,168824,117254,0.559123521,0.475,0.418,0,0.57
95,140680,FW,2,1,08/11/2013,168824,117254,0.545743649,0.475,0.418,0,0.57
85,141090,FW,2,1,08/11/2013,168824,117254,0.537793291,0.475,0.418,0,0.57
75,142320,FW,2,1,08/11/2013,168824,117254,0.513942214,0.475,0.418,0,0.55
65,142020,FW,2,1,08/11/2013,168824,117254,0.51975955,0.475,0.418,0,0.56
55,142910,FW,2,1,08/11/2013,168824,117254,0.502501454,0.475,0.418,0,0.55
45,143870,FW,2,1,08/11/2013,168824,117254,0.48388598,0.475,0.418,0,0.54
35,144110,FW,2,1,08/11/2013,168824,117254,0.479232112,0.475,0.418,0,0.54
25,134290,FW,2,1,08/11/2013,168824,117254,0.669652899,0.475,0.418,0,0.62
15,132680,FW,2,1,08/11/2013,168824,117254,0.7008726,0.475,0.418,0,0.63
125,138460,FW,1,1,08/11/2013,168824,117254,0.588791933,0.475,0.418,0,0.59
115,140160,FW,1,1,08/11/2013,168824,117254,0.555827031,0.475,0.418,0,0.57
105,141840,FW,1,1,08/11/2013,168824,117254,0.523249952,0.475,0.418,0,0.56
95,142020,FW,1,1,08/11/2013,168824,117254,0.51975955,0.475,0.418,0,0.56
85,141790,FW,1,1,08/11/2013,168824,117254,0.524219507,0.475,0.418,0,0.56
75,141550,FW,1,1,08/11/2013,168824,117254,0.528873376,0.475,0.418,0,0.56
65,137580,FW,1,1,08/11/2013,168824,117254,0.605856118,0.475,0.418,0,0.59
55,139480,FW,1,1,08/11/2013,168824,117254,0.569012992,0.475,0.418,0,0.58
45,137030,FW,1,1,08/11/2013,168824,117254,0.616521233,0.475,0.418,0,0.6
35,136370,FW,1,1,08/11/2013,168824,117254,0.629319372,0.475,0.418,0,0.6
25,136810,FW,1,1,08/11/2013,168824,117254,0.620787279,0.475,0.418,0,0.6
15,138690,FW,1,1,08/11/2013,168824,117254,0.584331976,0.475,0.418,0,0.59
125,129760,PA,1,1,15/11/2013,163824,115894,0.710703109,0.475,0.418,0,0.64
115,130060,PA,1,1,15/11/2013,163824,115894,0.704443981,0.475,0.418,0,0.63
105,129320,PA,1,1,15/11/2013,163824,115894,0.719883163,0.475,0.418,0,0.64
95,129320,PA,1,1,15/11/2013,163824,115894,0.719883163,0.475,0.418,0,0.64
85,129280,PA,1,1,15/11/2013,163824,115894,0.720717713,0.475,0.418,0,0.64
75,129280,PA,1,1,15/11/2013,163824,115894,0.720717713,0.475,0.418,0,0.64
65,129670,PA,1,1,15/11/2013,163824,115894,0.712580847,0.475,0.418,0,0.64
55,129860,PA,1,1,15/11/2013,163824,115894,0.708616733,0.475,0.418,0,0.63
45,129720,PA,1,1,15/11/2013,163824,115894,0.711537659,0.475,0.418,0,0.64
35,129620,PA,1,1,15/11/2013,163824,115894,0.713624035,0.475,0.418,0,0.64
25,132520,PA,1,1,15/11/2013,163824,115894,0.653119132,0.475,0.418,0,0.61
15,132270,PA,1,1,15/11/2013,163824,115894,0.658335072,0.475,0.418,0,0.62
125,140340,SP,1,1,15/11/2013,163824,115894,0.489964532,0.475,0.418,0,0.54
115,138740,SP,1,1,15/11/2013,163824,115894,0.523346547,0.475,0.418,0,0.56
105,137800,SP,1,1,15/11/2013,163824,115894,0.542958481,0.475,0.418,0,0.57
95,136590,SP,1,1,15/11/2013,163824,115894,0.56820363,0.475,0.418,0,0.58
85,141090,SP,1,1,15/11/2013,163824,115894,0.474316712,0.475,0.418,0,0.54
75,145330,SP,1,1,15/11/2013,163824,115894,0.385854371,0.475,0.418,0,0.49
65,140680,SP,1,1,15/11/2013,163824,115894,0.482870853,0.475,0.418,0,0.54
55,144720,SP,1,1,15/11/2013,163824,115894,0.398581264,0.475,0.418,0,0.5
45,143870,SP,1,1,15/11/2013,163824,115894,0.41631546,0.475,0.418,0,0.51
35,141320,SP,1,1,15/11/2013,163824,115894,0.469518047,0.475,0.418,0,0.53
25,139480,SP,1,1,15/11/2013,163824,115894,0.507907365,0.475,0.418,0,0.55
15,139710,SP,1,1,15/11/2013,163824,115894,0.5031087,0.475,0.418,0,0.55
125,129910,PA,2,1,15/11/2013,163824,115894,0.707573545,0.475,0.418,0,0.63
115,129860,PA,2,1,15/11/2013,163824,115894,0.708616733,0.475,0.418,0,0.63
105,129620,PA,2,1,15/11/2013,163824,115894,0.713624035,0.475,0.418,0,0.64
95,129370,PA,2,1,15/11/2013,163824,115894,0.718839975,0.475,0.418,0,0.64
85,129720,PA,2,1,15/11/2013,163824,115894,0.711537659,0.475,0.418,0,0.64
75,129470,PA,2,1,15/11/2013,163824,115894,0.716753599,0.475,0.418,0,0.64
65,129420,PA,2,1,15/11/2013,163824,115894,0.717796787,0.475,0.418,0,0.64
55,128790,PA,2,1,15/11/2013,163824,115894,0.730940956,0.475,0.418,0,0.64
45,128600,PA,2,1,15/11/2013,163824,115894,0.73490507,0.475,0.418,0,0.64
35,128930,PA,2,1,15/11/2013,163824,115894,0.728020029,0.475,0.418,0,0.64
25,138410,PA,2,1,15/11/2013,163824,115894,0.530231588,0.475,0.418,0,0.56
15,139540,PA,2,1,15/11/2013,163824,115894,0.506655539,0.475,0.418,0,0.55
125,143330,SP,2,1,15/11/2013,163824,115894,0.42758189,0.475,0.418,0,0.51
115,142140,SP,2,1,15/11/2013,163824,115894,0.452409764,0.475,0.418,0,0.53
105,140740,SP,2,1,15/11/2013,163824,115894,0.481619028,0.475,0.418,0,0.54
95,142610,SP,2,1,15/11/2013,163824,115894,0.442603797,0.475,0.418,0,0.52
85,146390,SP,2,1,15/11/2013,163824,115894,0.363738786,0.475,0.418,0,0.48
75,147020,SP,2,1,15/11/2013,163824,115894,0.350594617,0.475,0.418,0,0.47
65,146010,SP,2,1,15/11/2013,163824,115894,0.371667014,0.475,0.418,0,0.48
55,149450,SP,2,1,15/11/2013,163824,115894,0.299895681,0.475,0.418,0,0.44
45,145460,SP,2,1,15/11/2013,163824,115894,0.383142082,0.475,0.418,0,0.49
35,144290,SP,2,1,15/11/2013,163824,115894,0.407552681,0.475,0.418,0,0.5
25,140390,SP,2,1,15/11/2013,163824,115894,0.488921344,0.475,0.418,0,0.54
15,140910,SP,2,1,15/11/2013,163824,115894,0.478072189,0.475,0.418,0,0.54
125,130110,PA,3,1,15/11/2013,163824,115894,0.703400793,0.475,0.418,0,0.63
115,130800,PA,3,1,15/11/2013,163824,115894,0.689004799,0.475,0.418,0,0.63
105,137360,PA,3,1,15/11/2013,163824,115894,0.552138535,0.475,0.418,0,0.57
95,143510,PA,3,1,15/11/2013,163824,115894,0.423826414,0.475,0.418,0,0.51
85,148030,PA,3,1,15/11/2013,163824,115894,0.32952222,0.475,0.418,0,0.46
75,144780,PA,3,1,15/11/2013,163824,115894,0.397329439,0.475,0.418,0,0.5
65,141790,PA,3,1,15/11/2013,163824,115894,0.45971208,0.475,0.418,0,0.53
55,141440,PA,3,1,15/11/2013,163824,115894,0.467014396,0.475,0.418,0,0.53
45,146890,PA,3,1,15/11/2013,163824,115894,0.353306906,0.475,0.418,0,0.47
35,143930,PA,3,1,15/11/2013,163824,115894,0.415063634,0.475,0.418,0,0.51
25,141440,PA,3,1,15/11/2013,163824,115894,0.467014396,0.475,0.418,0,0.53
15,138460,PA,3,1,15/11/2013,163824,115894,0.5291884,0.475,0.418,0,0.56
85,144960,SP,3,1,15/11/2013,163824,115894,0.393573962,0.475,0.418,0,0.5
75,146890,SP,3,1,15/11/2013,163824,115894,0.353306906,0.475,0.418,0,0.47
65,144780,SP,3,1,15/11/2013,163824,115894,0.397329439,0.475,0.418,0,0.5
55,141380,SP,3,1,15/11/2013,163824,115894,0.468266222,0.475,0.418,0,0.53
45,141900,SP,3,1,15/11/2013,163824,115894,0.457417067,0.475,0.418,0,0.53
35,144840,SP,3,1,15/11/2013,163824,115894,0.396077613,0.475,0.418,0,0.5
25,134980,SP,3,1,15/11/2013,163824,115894,0.601794283,0.475,0.418,0,0.59
15,134870,SP,3,1,15/11/2013,163824,115894,0.604089297,0.475,0.418,0,0.59
95,143150,FW,3,1,15/11/2013,163824,115894,0.431337367,0.475,0.418,0,0.52
85,143510,FW,3,1,15/11/2013,163824,115894,0.423826414,0.475,0.418,0,0.51
75,147270,FW,3,1,15/11/2013,163824,115894,0.345378677,0.475,0.418,0,0.47
65,140850,FW,3,1,15/11/2013,163824,115894,0.479324014,0.475,0.418,0,0.54
55,144660,FW,3,1,15/11/2013,163824,115894,0.39983309,0.475,0.418,0,0.5
45,143690,FW,3,1,15/11/2013,163824,115894,0.420070937,0.475,0.418,0,0.51
35,138020,FW,3,1,15/11/2013,163824,115894,0.538368454,0.475,0.418,0,0.57
25,136590,FW,3,1,15/11/2013,163824,115894,0.56820363,0.475,0.418,0,0.58
15,143570,FW,3,1,15/11/2013,163824,115894,0.422574588,0.475,0.418,0,0.51
125,138630,FW,2,1,15/11/2013,163824,115894,0.525641561,0.475,0.418,0,0.56
115,140800,FW,2,1,15/11/2013,163824,115894,0.480367202,0.475,0.418,0,0.54
105,140910,FW,2,1,15/11/2013,163824,115894,0.478072189,0.475,0.418,0,0.54
95,142260,FW,2,1,15/11/2013,163824,115894,0.449906113,0.475,0.418,0,0.52
85,140970,FW,2,1,15/11/2013,163824,115894,0.476820363,0.475,0.418,0,0.54
75,141090,FW,2,1,15/11/2013,163824,115894,0.474316712,0.475,0.418,0,0.54
65,140510,FW,2,1,15/11/2013,163824,115894,0.486417692,0.475,0.418,0,0.54
55,140620,FW,2,1,15/11/2013,163824,115894,0.484122679,0.475,0.418,0,0.54
45,142730,FW,2,1,15/11/2013,163824,115894,0.440100146,0.475,0.418,0,0.52
35,141320,FW,2,1,15/11/2013,163824,115894,0.469518047,0.475,0.418,0,0.53
25,133970,FW,2,1,15/11/2013,163824,115894,0.622866681,0.475,0.418,0,0.6
15,133710,FW,2,1,15/11/2013,163824,115894,0.628291258,0.475,0.418,0,0.6
125,141670,FW,1,1,15/11/2013,163824,115894,0.462215731,0.475,0.418,0,0.53
115,142850,FW,1,1,15/11/2013,163824,115894,0.437596495,0.475,0.418,0,0.52
105,142730,FW,1,1,15/11/2013,163824,115894,0.440100146,0.475,0.418,0,0.52
95,139990,FW,1,1,15/11/2013,163824,115894,0.497266847,0.475,0.418,0,0.55
85,138300,FW,1,1,15/11/2013,163824,115894,0.532526601,0.475,0.418,0,0.56
75,139590,FW,1,1,15/11/2013,163824,115894,0.505612351,0.475,0.418,0,0.55
65,136100,FW,1,1,15/11/2013,163824,115894,0.578426873,0.475,0.418,0,0.58
55,140110,FW,1,1,15/11/2013,163824,115894,0.494763196,0.475,0.418,0,0.55
45,137580,FW,1,1,15/11/2013,163824,115894,0.547548508,0.475,0.418,0,0.57
35,134920,FW,1,1,15/11/2013,163824,115894,0.603046109,0.475,0.418,0,0.59
25,135400,FW,1,1,15/11/2013,163824,115894,0.593031504,0.475,0.418,0,0.59
15,135940,FW,1,1,15/11/2013,163824,115894,0.581765074,0.475,0.418,0,0.58
125,130260,PA,1,1,27/11/2013,160842,116942,0.696628702,0.475,0.418,0,0.63
115,130160,PA,1,1,27/11/2013,160842,116942,0.698906606,0.475,0.418,0,0.63
105,129760,PA,1,1,27/11/2013,160842,116942,0.708018223,0.475,0.418,0,0.63
95,129910,PA,1,1,27/11/2013,160842,116942,0.704601367,0.475,0.418,0,0.63
85,129910,PA,1,1,27/11/2013,160842,116942,0.704601367,0.475,0.418,0,0.63
75,129860,PA,1,1,27/11/2013,160842,116942,0.705740319,0.475,0.418,0,0.63
65,129960,PA,1,1,27/11/2013,160842,116942,0.703462415,0.475,0.418,0,0.63
55,129570,PA,1,1,27/11/2013,160842,116942,0.712346241,0.475,0.418,0,0.64
45,129760,PA,1,1,27/11/2013,160842,116942,0.708018223,0.475,0.418,0,0.63
35,132680,PA,1,1,27/11/2013,160842,116942,0.641503417,0.475,0.418,0,0.61
25,132520,PA,1,1,27/11/2013,160842,116942,0.645148064,0.475,0.418,0,0.61
15,131860,PA,1,1,27/11/2013,160842,116942,0.660182232,0.475,0.418,0,0.62
125,140390,SP,1,1,27/11/2013,160842,116942,0.465876993,0.475,0.418,0,0.53
115,140280,SP,1,1,27/11/2013,160842,116942,0.468382688,0.475,0.418,0,0.53
105,140220,SP,1,1,27/11/2013,160842,116942,0.469749431,0.475,0.418,0,0.53
95,139310,SP,1,1,27/11/2013,160842,116942,0.49047836,0.475,0.418,0,0.54
85,142730,SP,1,1,27/11/2013,160842,116942,0.412574032,0.475,0.418,0,0.51
75,147020,SP,1,1,27/11/2013,160842,116942,0.314851936,0.475,0.418,0,0.45
65,145830,SP,1,1,27/11/2013,160842,116942,0.341958998,0.475,0.418,0,0.47
55,145580,SP,1,1,27/11/2013,160842,116942,0.347653759,0.475,0.418,0,0.47
45,143210,SP,1,1,27/11/2013,160842,116942,0.401640091,0.475,0.418,0,0.5
35,140390,SP,1,1,27/11/2013,160842,116942,0.465876993,0.475,0.418,0,0.53
25,137360,SP,1,1,27/11/2013,160842,116942,0.534897494,0.475,0.418,0,0.56
15,138630,SP,1,1,27/11/2013,160842,116942,0.505968109,0.475,0.418,0,0.55
125,129670,PA,2,1,27/11/2013,160842,116942,0.710068337,0.475,0.418,0,0.63
115,130260,PA,2,1,27/11/2013,160842,116942,0.696628702,0.475,0.418,0,0.63
105,130210,PA,2,1,27/11/2013,160842,116942,0.697767654,0.475,0.418,0,0.63
95,130260,PA,2,1,27/11/2013,160842,116942,0.696628702,0.475,0.418,0,0.63
85,130110,PA,2,1,27/11/2013,160842,116942,0.700045558,0.475,0.418,0,0.63
75,130010,PA,2,1,27/11/2013,160842,116942,0.702323462,0.475,0.418,0,0.63
65,129860,PA,2,1,27/11/2013,160842,116942,0.705740319,0.475,0.418,0,0.63
55,129180,PA,2,1,27/11/2013,160842,116942,0.721230068,0.475,0.418,0,0.64
45,129420,PA,2,1,27/11/2013,160842,116942,0.715763098,0.475,0.418,0,0.64
35,139930,PA,2,1,27/11/2013,160842,116942,0.476355353,0.475,0.418,0,0.54
25,141550,PA,2,1,27/11/2013,160842,116942,0.439453303,0.475,0.418,0,0.52
15,141670,PA,2,1,27/11/2013,160842,116942,0.436719818,0.475,0.418,0,0.52
125,142910,SP,2,1,27/11/2013,160842,116942,0.408473804,0.475,0.418,0,0.5
115,142140,SP,2,1,27/11/2013,160842,116942,0.426013667,0.475,0.418,0,0.51
105,140340,SP,2,1,27/11/2013,160842,116942,0.467015945,0.475,0.418,0,0.53
95,141790,SP,2,1,27/11/2013,160842,116942,0.433986333,0.475,0.418,0,0.52
85,145950,SP,2,1,27/11/2013,160842,116942,0.339225513,0.475,0.418,0,0.47
75,146450,SP,2,1,27/11/2013,160842,116942,0.327835991,0.475,0.418,0,0.46
65,144410,SP,2,1,27/11/2013,160842,116942,0.374305239,0.475,0.418,0,0.49
55,148160,SP,2,1,27/11/2013,160842,116942,0.288883827,0.475,0.418,0,0.44
45,147520,SP,2,1,27/11/2013,160842,116942,0.303462415,0.475,0.418,0,0.45
35,146010,SP,2,1,27/11/2013,160842,116942,0.33785877,0.475,0.418,0,0.47
25,140110,SP,2,1,27/11/2013,160842,116942,0.472255125,0.475,0.418,0,0.54
15,139990,SP,2,1,27/11/2013,160842,116942,0.47498861,0.475,0.418,0,0.54
125,132060,PA,3,1,27/11/2013,160842,116942,0.655626424,0.475,0.418,0,0.61
115,132060,PA,3,1,27/11/2013,160842,116942,0.655626424,0.475,0.418,0,0.61
105,139310,PA,3,1,27/11/2013,160842,116942,0.49047836,0.475,0.418,0,0.54
95,142550,PA,3,1,27/11/2013,160842,116942,0.41667426,0.475,0.418,0,0.51
85,147080,PA,3,1,27/11/2013,160842,116942,0.313485194,0.475,0.418,0,0.45
75,142380,PA,3,1,27/11/2013,160842,116942,0.420546697,0.475,0.418,0,0.51
65,139710,PA,3,1,27/11/2013,160842,116942,0.481366743,0.475,0.418,0,0.54
55,139540,PA,3,1,27/11/2013,160842,116942,0.48523918,0.475,0.418,0,0.54
45,145390,PA,3,1,27/11/2013,160842,116942,0.351981777,0.475,0.418,0,0.47
35,144110,PA,3,1,27/11/2013,160842,116942,0.381138952,0.475,0.418,0,0.49
25,142320,PA,3,1,27/11/2013,160842,116942,0.42191344,0.475,0.418,0,0.51
15,140510,PA,3,1,27/11/2013,160842,116942,0.463143508,0.475,0.418,0,0.53
85,144600,SP,3,1,27/11/2013,160842,116942,0.369977221,0.475,0.418,0,0.48
75,146260,SP,3,1,27/11/2013,160842,116942,0.332164009,0.475,0.418,0,0.46
65,141550,SP,3,1,27/11/2013,160842,116942,0.439453303,0.475,0.418,0,0.52
55,138190,SP,3,1,27/11/2013,160842,116942,0.515990888,0.475,0.418,0,0.56
45,140740,SP,3,1,27/11/2013,160842,116942,0.457904328,0.475,0.418,0,0.53
35,146510,SP,3,1,27/11/2013,160842,116942,0.326469248,0.475,0.418,0,0.46
25,141140,SP,3,1,27/11/2013,160842,116942,0.448792711,0.475,0.418,0,0.52
15,136810,SP,3,1,27/11/2013,160842,116942,0.547425968,0.475,0.418,0,0.57
95,144170,FW,3,1,27/11/2013,160842,116942,0.37977221,0.475,0.418,0,0.49
85,141900,FW,3,1,27/11/2013,160842,116942,0.431480638,0.475,0.418,0,0.52
75,146200,FW,3,1,27/11/2013,160842,116942,0.333530752,0.475,0.418,0,0.46
65,141790,FW,3,1,27/11/2013,160842,116942,0.433986333,0.475,0.418,0,0.52
55,143090,FW,3,1,27/11/2013,160842,116942,0.404373576,0.475,0.418,0,0.5
45,142380,FW,3,1,27/11/2013,160842,116942,0.420546697,0.475,0.418,0,0.51
35,137250,FW,3,1,27/11/2013,160842,116942,0.537403189,0.475,0.418,0,0.57
25,137140,FW,3,1,27/11/2013,160842,116942,0.539908884,0.475,0.418,0,0.57
15,143810,FW,3,1,27/11/2013,160842,116942,0.387972665,0.475,0.418,0,0.49
125,138690,FW,2,1,27/11/2013,160842,116942,0.504601367,0.475,0.418,0,0.55
115,141200,FW,2,1,27/11/2013,160842,116942,0.447425968,0.475,0.418,0,0.52
105,141380,FW,2,1,27/11/2013,160842,116942,0.44332574,0.475,0.418,0,0.52
95,142970,FW,2,1,27/11/2013,160842,116942,0.407107062,0.475,0.418,0,0.5
85,141030,FW,2,1,27/11/2013,160842,116942,0.451298405,0.475,0.418,0,0.53
75,141090,FW,2,1,27/11/2013,160842,116942,0.449931663,0.475,0.418,0,0.52
65,139590,FW,2,1,27/11/2013,160842,116942,0.484100228,0.475,0.418,0,0.54
55,139080,FW,2,1,27/11/2013,160842,116942,0.49571754,0.475,0.418,0,0.55
45,142490,FW,2,1,27/11/2013,160842,116942,0.418041002,0.475,0.418,0,0.51
35,140340,FW,2,1,27/11/2013,160842,116942,0.467015945,0.475,0.418,0,0.53
25,134030,FW,2,1,27/11/2013,160842,116942,0.610751708,0.475,0.418,0,0.6
15,133400,FW,2,1,27/11/2013,160842,116942,0.625102506,0.475,0.418,0,0.6
125,138630,FW,1,1,27/11/2013,160842,116942,0.505968109,0.475,0.418,0,0.55
115,141670,FW,1,1,27/11/2013,160842,116942,0.436719818,0.475,0.418,0,0.52
105,143090,FW,1,1,27/11/2013,160842,116942,0.404373576,0.475,0.418,0,0.5
95,142020,FW,1,1,27/11/2013,160842,116942,0.428747153,0.475,0.418,0,0.51
85,142430,FW,1,1,27/11/2013,160842,116942,0.419407745,0.475,0.418,0,0.51
75,142380,FW,1,1,27/11/2013,160842,116942,0.420546697,0.475,0.418,0,0.51
65,139930,FW,1,1,27/11/2013,160842,116942,0.476355353,0.475,0.418,0,0.54
55,140510,FW,1,1,27/11/2013,160842,116942,0.463143508,0.475,0.418,0,0.53
45,137250,FW,1,1,27/11/2013,160842,116942,0.537403189,0.475,0.418,0,0.57
35,135830,FW,1,1,27/11/2013,160842,116942,0.569749431,0.475,0.418,0,0.58
25,137080,FW,1,1,27/11/2013,160842,116942,0.541275626,0.475,0.418,0,0.57
15,139480,FW,1,1,27/11/2013,160842,116942,0.486605923,0.475,0.418,0,0.54
125,130260,PA,1,1,18/12/2013,160842,116942,0.696628702,0.475,0.418,0,0.63
115,130160,PA,1,1,18/12/2013,160842,116942,0.698906606,0.475,0.418,0,0.63
105,129860,PA,1,1,18/12/2013,160842,116942,0.705740319,0.475,0.418,0,0.63
95,130060,PA,1,1,18/12/2013,160842,116942,0.70118451,0.475,0.418,0,0.63
85,129960,PA,1,1,18/12/2013,160842,116942,0.703462415,0.475,0.418,0,0.63
75,130010,PA,1,1,18/12/2013,160842,116942,0.702323462,0.475,0.418,0,0.63
65,129860,PA,1,1,18/12/2013,160842,116942,0.705740319,0.475,0.418,0,0.63
55,129760,PA,1,1,18/12/2013,160842,116942,0.708018223,0.475,0.418,0,0.63
45,129760,PA,1,1,18/12/2013,160842,116942,0.708018223,0.475,0.418,0,0.63
35,129910,PA,1,1,18/12/2013,160842,116942,0.704601367,0.475,0.418,0,0.63
25,129370,PA,1,1,18/12/2013,160842,116942,0.71690205,0.475,0.418,0,0.64
15,129810,PA,1,1,18/12/2013,160842,116942,0.706879271,0.475,0.418,0,0.63
125,140570,SP,1,1,18/12/2013,160842,116942,0.461776765,0.475,0.418,0,0.53
115,140910,SP,1,1,18/12/2013,160842,116942,0.454031891,0.475,0.418,0,0.53
105,140510,SP,1,1,18/12/2013,160842,116942,0.463143508,0.475,0.418,0,0.53
95,140390,SP,1,1,18/12/2013,160842,116942,0.465876993,0.475,0.418,0,0.53
85,142970,SP,1,1,18/12/2013,160842,116942,0.407107062,0.475,0.418,0,0.5
75,147780,SP,1,1,18/12/2013,160842,116942,0.297539863,0.475,0.418,0,0.44
65,145700,SP,1,1,18/12/2013,160842,116942,0.344920273,0.475,0.418,0,0.47
55,146510,SP,1,1,18/12/2013,160842,116942,0.326469248,0.475,0.418,0,0.46
45,143930,SP,1,1,18/12/2013,160842,116942,0.38523918,0.475,0.418,0,0.49
35,142320,SP,1,1,18/12/2013,160842,116942,0.42191344,0.475,0.418,0,0.51
25,138300,SP,1,1,18/12/2013,160842,116942,0.513485194,0.475,0.418,0,0.55
15,135030,SP,1,1,18/12/2013,160842,116942,0.587972665,0.475,0.418,0,0.59
125,130360,PA,2,1,18/12/2013,160842,116942,0.694350797,0.475,0.418,0,0.63
115,130750,PA,2,1,18/12/2013,160842,116942,0.68546697,0.475,0.418,0,0.63
105,130560,PA,2,1,18/12/2013,160842,116942,0.689794989,0.475,0.418,0,0.63
95,130410,PA,2,1,18/12/2013,160842,116942,0.693211845,0.475,0.418,0,0.63
85,131100,PA,2,1,18/12/2013,160842,116942,0.677494305,0.475,0.418,0,0.62
75,130010,PA,2,1,18/12/2013,160842,116942,0.702323462,0.475,0.418,0,0.63
65,129620,PA,2,1,18/12/2013,160842,116942,0.711207289,0.475,0.418,0,0.64
55,129370,PA,2,1,18/12/2013,160842,116942,0.71690205,0.475,0.418,0,0.64
45,129470,PA,2,1,18/12/2013,160842,116942,0.714624146,0.475,0.418,0,0.64
35,130160,PA,2,1,18/12/2013,160842,116942,0.698906606,0.475,0.418,0,0.63
25,132570,PA,2,1,18/12/2013,160842,116942,0.644009112,0.475,0.418,0,0.61
15,138910,PA,2,1,18/12/2013,160842,116942,0.499589977,0.475,0.418,0,0.55
125,142670,SP,2,1,18/12/2013,160842,116942,0.413940774,0.475,0.418,0,0.51
115,142430,SP,2,1,18/12/2013,160842,116942,0.419407745,0.475,0.418,0,0.51
105,140220,SP,2,1,18/12/2013,160842,116942,0.469749431,0.475,0.418,0,0.53
95,141790,SP,2,1,18/12/2013,160842,116942,0.433986333,0.475,0.418,0,0.52
85,146010,SP,2,1,18/12/2013,160842,116942,0.33785877,0.475,0.418,0,0.47
75,146640,SP,2,1,18/12/2013,160842,116942,0.323507973,0.475,0.418,0,0.46
65,144050,SP,2,1,18/12/2013,160842,116942,0.382505695,0.475,0.418,0,0.49
55,148540,SP,2,1,18/12/2013,160842,116942,0.28022779,0.475,0.418,0,0.43
45,147330,SP,2,1,18/12/2013,160842,116942,0.307790433,0.475,0.418,0,0.45
35,145520,SP,2,1,18/12/2013,160842,116942,0.349020501,0.475,0.418,0,0.47
25,139820,SP,2,1,18/12/2013,160842,116942,0.478861048,0.475,0.418,0,0.54
15,137910,SP,2,1,18/12/2013,160842,116942,0.522369021,0.475,0.418,0,0.56
125,130800,PA,3,1,18/12/2013,160842,116942,0.684328018,0.475,0.418,0,0.63
115,131360,PA,3,1,18/12/2013,160842,116942,0.671571754,0.475,0.418,0,0.62
105,136700,PA,3,1,18/12/2013,160842,116942,0.549931663,0.475,0.418,0,0.57
95,139310,PA,3,1,18/12/2013,160842,116942,0.49047836,0.475,0.418,0,0.54
85,148610,PA,3,1,18/12/2013,160842,116942,0.278633257,0.475,0.418,0,0.43
75,144600,PA,3,1,18/12/2013,160842,116942,0.369977221,0.475,0.418,0,0.48
65,142790,PA,3,1,18/12/2013,160842,116942,0.411207289,0.475,0.418,0,0.51
55,141670,PA,3,1,18/12/2013,160842,116942,0.436719818,0.475,0.418,0,0.52
45,145640,PA,3,1,18/12/2013,160842,116942,0.346287016,0.475,0.418,0,0.47
35,143930,PA,3,1,18/12/2013,160842,116942,0.38523918,0.475,0.418,0,0.49
25,142910,PA,3,1,18/12/2013,160842,116942,0.408473804,0.475,0.418,0,0.5
15,143030,PA,3,1,18/12/2013,160842,116942,0.405740319,0.475,0.418,0,0.5
85,145030,SP,3,1,18/12/2013,160842,116942,0.360182232,0.475,0.418,0,0.48
75,147140,SP,3,1,18/12/2013,160842,116942,0.312118451,0.475,0.418,0,0.45
65,143570,SP,3,1,18/12/2013,160842,116942,0.393439636,0.475,0.418,0,0.5
55,141550,SP,3,1,18/12/2013,160842,116942,0.439453303,0.475,0.418,0,0.52
45,141900,SP,3,1,18/12/2013,160842,116942,0.431480638,0.475,0.418,0,0.52
35,145770,SP,3,1,18/12/2013,160842,116942,0.34332574,0.475,0.418,0,0.47
25,138860,SP,3,1,18/12/2013,160842,116942,0.500728929,0.475,0.418,0,0.55
15,136050,SP,3,1,18/12/2013,160842,116942,0.564738041,0.475,0.418,0,0.58
95,143870,FW,3,1,18/12/2013,160842,116942,0.386605923,0.475,0.418,0,0.49
85,141900,FW,3,1,18/12/2013,160842,116942,0.431480638,0.475,0.418,0,0.52
75,146510,FW,3,1,18/12/2013,160842,116942,0.326469248,0.475,0.418,0,0.46
65,141200,FW,3,1,18/12/2013,160842,116942,0.447425968,0.475,0.418,0,0.52
55,142140,FW,3,1,18/12/2013,160842,116942,0.426013667,0.475,0.418,0,0.51
45,141900,FW,3,1,18/12/2013,160842,116942,0.431480638,0.475,0.418,0,0.52
35,138020,FW,3,1,18/12/2013,160842,116942,0.519863326,0.475,0.418,0,0.56
25,136640,FW,3,1,18/12/2013,160842,116942,0.551298405,0.475,0.418,0,0.57
15,142610,FW,3,1,18/12/2013,160842,116942,0.415307517,0.475,0.418,0,0.51
125,138970,FW,2,1,18/12/2013,160842,116942,0.498223235,0.475,0.418,0,0.55
115,142430,FW,2,1,18/12/2013,160842,116942,0.419407745,0.475,0.418,0,0.51
105,141900,FW,2,1,18/12/2013,160842,116942,0.431480638,0.475,0.418,0,0.52
95,143210,FW,2,1,18/12/2013,160842,116942,0.401640091,0.475,0.418,0,0.5
85,140570,FW,2,1,18/12/2013,160842,116942,0.461776765,0.475,0.418,0,0.53
75,140850,FW,2,1,18/12/2013,160842,116942,0.455398633,0.475,0.418,0,0.53
65,140110,FW,2,1,18/12/2013,160842,116942,0.472255125,0.475,0.418,0,0.54
55,139370,FW,2,1,18/12/2013,160842,116942,0.489111617,0.475,0.418,0,0.54
45,141090,FW,2,1,18/12/2013,160842,116942,0.449931663,0.475,0.418,0,0.52
35,141090,FW,2,1,18/12/2013,160842,116942,0.449931663,0.475,0.418,0,0.52
25,133140,FW,2,1,18/12/2013,160842,116942,0.631025057,0.475,0.418,0,0.6
15,132680,FW,2,1,18/12/2013,160842,116942,0.641503417,0.475,0.418,0,0.61
125,138630,FW,1,1,18/12/2013,160842,116942,0.505968109,0.475,0.418,0,0.55
115,142850,FW,1,1,18/12/2013,160842,116942,0.409840547,0.475,0.418,0,0.5
105,143090,FW,1,1,18/12/2013,160842,116942,0.404373576,0.475,0.418,0,0.5
95,141790,FW,1,1,18/12/2013,160842,116942,0.433986333,0.475,0.418,0,0.52
85,142430,FW,1,1,18/12/2013,160842,116942,0.419407745,0.475,0.418,0,0.51
75,142020,FW,1,1,18/12/2013,160842,116942,0.428747153,0.475,0.418,0,0.51
65,139820,FW,1,1,18/12/2013,160842,116942,0.478861048,0.475,0.418,0,0.54
55,140050,FW,1,1,18/12/2013,160842,116942,0.473621868,0.475,0.418,0,0.54
45,137360,FW,1,1,18/12/2013,160842,116942,0.534897494,0.475,0.418,0,0.56
35,135400,FW,1,1,18/12/2013,160842,116942,0.579544419,0.475,0.418,0,0.58
25,134820,FW,1,1,18/12/2013,160842,116942,0.592756264,0.475,0.418,0,0.59
15,135830,FW,1,1,18/12/2013,160842,116942,0.569749431,0.475,0.418,0,0.58
125,130260,PA,1,1,13/01/2014,160842,116942,0.696628702,0.475,0.418,0,0.63
115,130410,PA,1,1,13/01/2014,160842,116942,0.693211845,0.475,0.418,0,0.63
105,130110,PA,1,1,13/01/2014,160842,116942,0.700045558,0.475,0.418,0,0.63
95,130260,PA,1,1,13/01/2014,160842,116942,0.696628702,0.475,0.418,0,0.63
85,130260,PA,1,1,13/01/2014,160842,116942,0.696628702,0.475,0.418,0,0.63
75,130260,PA,1,1,13/01/2014,160842,116942,0.696628702,0.475,0.418,0,0.63
65,129810,PA,1,1,13/01/2014,160842,116942,0.706879271,0.475,0.418,0,0.63
55,130060,PA,1,1,13/01/2014,160842,116942,0.70118451,0.475,0.418,0,0.63
45,130160,PA,1,1,13/01/2014,160842,116942,0.698906606,0.475,0.418,0,0.63
35,129860,PA,1,1,13/01/2014,160842,116942,0.705740319,0.475,0.418,0,0.63
25,129860,PA,1,1,13/01/2014,160842,116942,0.705740319,0.475,0.418,0,0.63
15,130650,PA,1,1,13/01/2014,160842,116942,0.687744875,0.475,0.418,0,0.63
125,138020,SP,1,1,13/01/2014,160842,116942,0.519863326,0.475,0.418,0,0.56
115,137190,SP,1,1,13/01/2014,160842,116942,0.538769932,0.475,0.418,0,0.57
105,138130,SP,1,1,13/01/2014,160842,116942,0.517357631,0.475,0.418,0,0.56
95,135300,SP,1,1,13/01/2014,160842,116942,0.581822323,0.475,0.418,0,0.58
85,136700,SP,1,1,13/01/2014,160842,116942,0.549931663,0.475,0.418,0,0.57
75,144110,SP,1,1,13/01/2014,160842,116942,0.381138952,0.475,0.418,0,0.49
65,141790,SP,1,1,13/01/2014,160842,116942,0.433986333,0.475,0.418,0,0.52
55,139140,SP,1,1,13/01/2014,160842,116942,0.494350797,0.475,0.418,0,0.55
45,136640,SP,1,1,13/01/2014,160842,116942,0.551298405,0.475,0.418,0,0.57
35,136810,SP,1,1,13/01/2014,160842,116942,0.547425968,0.475,0.418,0,0.57
25,134030,SP,1,1,13/01/2014,160842,116942,0.610751708,0.475,0.418,0,0.6
15,133610,SP,1,1,13/01/2014,160842,116942,0.620318907,0.475,0.418,0,0.6
125,130600,PA,2,1,13/01/2014,160842,116942,0.688883827,0.475,0.418,0,0.63
115,130060,PA,2,1,13/01/2014,160842,116942,0.70118451,0.475,0.418,0,0.63
105,129910,PA,2,1,13/01/2014,160842,116942,0.704601367,0.475,0.418,0,0.63
95,129860,PA,2,1,13/01/2014,160842,116942,0.705740319,0.475,0.418,0,0.63
85,130360,PA,2,1,13/01/2014,160842,116942,0.694350797,0.475,0.418,0,0.63
75,130160,PA,2,1,13/01/2014,160842,116942,0.698906606,0.475,0.418,0,0.63
65,129570,PA,2,1,13/01/2014,160842,116942,0.712346241,0.475,0.418,0,0.64
55,128790,PA,2,1,13/01/2014,160842,116942,0.730113895,0.475,0.418,0,0.64
45,129080,PA,2,1,13/01/2014,160842,116942,0.723507973,0.475,0.418,0,0.64
35,129080,PA,2,1,13/01/2014,160842,116942,0.723507973,0.475,0.418,0,0.64
25,129080,PA,2,1,13/01/2014,160842,116942,0.723507973,0.475,0.418,0,0.64
15,129280,PA,2,1,13/01/2014,160842,116942,0.718952164,0.475,0.418,0,0.64
125,131100,SP,2,1,13/01/2014,160842,116942,0.677494305,0.475,0.418,0,0.62
115,138240,SP,2,1,13/01/2014,160842,116942,0.514851936,0.475,0.418,0,0.56
105,136320,SP,2,1,13/01/2014,160842,116942,0.558587699,0.475,0.418,0,0.57
95,139420,SP,2,1,13/01/2014,160842,116942,0.487972665,0.475,0.418,0,0.54
85,145090,SP,2,1,13/01/2014,160842,116942,0.35881549,0.475,0.418,0,0.48
75,144540,SP,2,1,13/01/2014,160842,116942,0.371343964,0.475,0.418,0,0.48
65,139930,SP,2,1,13/01/2014,160842,116942,0.476355353,0.475,0.418,0,0.54
55,142320,SP,2,1,13/01/2014,160842,116942,0.42191344,0.475,0.418,0,0.51
45,142380,SP,2,1,13/01/2014,160842,116942,0.420546697,0.475,0.418,0,0.51
35,140800,SP,2,1,13/01/2014,160842,116942,0.456537585,0.475,0.418,0,0.53
25,133400,SP,2,1,13/01/2014,160842,116942,0.625102506,0.475,0.418,0,0.6
15,133920,SP,2,1,13/01/2014,160842,116942,0.613257403,0.475,0.418,0,0.6
125,130210,PA,3,1,13/01/2014,160842,116942,0.697767654,0.475,0.418,0,0.63
115,131810,PA,3,1,13/01/2014,160842,116942,0.661321185,0.475,0.418,0,0.62
105,131860,PA,3,1,13/01/2014,160842,116942,0.660182232,0.475,0.418,0,0.62
95,142260,PA,3,1,13/01/2014,160842,116942,0.423280182,0.475,0.418,0,0.51
85,148480,PA,3,1,13/01/2014,160842,116942,0.281594533,0.475,0.418,0,0.43
75,143270,PA,3,1,13/01/2014,160842,116942,0.400273349,0.475,0.418,0,0.5
65,141200,PA,3,1,13/01/2014,160842,116942,0.447425968,0.475,0.418,0,0.52
55,140620,PA,3,1,13/01/2014,160842,116942,0.460637813,0.475,0.418,0,0.53
45,144900,PA,3,1,13/01/2014,160842,116942,0.363143508,0.475,0.418,0,0.48
35,142910,PA,3,1,13/01/2014,160842,116942,0.408473804,0.475,0.418,0,0.5
25,141900,PA,3,1,13/01/2014,160842,116942,0.431480638,0.475,0.418,0,0.52
15,141790,PA,3,1,13/01/2014,160842,116942,0.433986333,0.475,0.418,0,0.52
85,130160,SP,3,1,13/01/2014,160842,116942,0.698906606,0.475,0.418,0,0.63
75,130510,SP,3,1,13/01/2014,160842,116942,0.690933941,0.475,0.418,0,0.63
65,130360,SP,3,1,13/01/2014,160842,116942,0.694350797,0.475,0.418,0,0.63
55,129860,SP,3,1,13/01/2014,160842,116942,0.705740319,0.475,0.418,0,0.63
45,129520,SP,3,1,13/01/2014,160842,116942,0.713485194,0.475,0.418,0,0.64
35,129280,SP,3,1,13/01/2014,160842,116942,0.718952164,0.475,0.418,0,0.64
25,133140,SP,3,1,13/01/2014,160842,116942,0.631025057,0.475,0.418,0,0.6
15,131660,SP,3,1,13/01/2014,160842,116942,0.664738041,0.475,0.418,0,0.62
95,132010,FW,3,1,13/01/2014,160842,116942,0.656765376,0.475,0.418,0,0.61
85,133710,FW,3,1,13/01/2014,160842,116942,0.618041002,0.475,0.418,0,0.6
75,138190,FW,3,1,13/01/2014,160842,116942,0.515990888,0.475,0.418,0,0.56
65,136700,FW,3,1,13/01/2014,160842,116942,0.549931663,0.475,0.418,0,0.57
55,139930,FW,3,1,13/01/2014,160842,116942,0.476355353,0.475,0.418,0,0.54
45,140970,FW,3,1,13/01/2014,160842,116942,0.452665148,0.475,0.418,0,0.53
35,138860,FW,3,1,13/01/2014,160842,116942,0.500728929,0.475,0.418,0,0.55
25,135940,FW,3,1,13/01/2014,160842,116942,0.567243736,0.475,0.418,0,0.58
15,141790,FW,3,1,13/01/2014,160842,116942,0.433986333,0.475,0.418,0,0.52
125,130310,FW,2,1,13/01/2014,160842,116942,0.695489749,0.475,0.418,0,0.63
115,130160,FW,2,1,13/01/2014,160842,116942,0.698906606,0.475,0.418,0,0.63
105,130260,FW,2,1,13/01/2014,160842,116942,0.696628702,0.475,0.418,0,0.63
95,131050,FW,2,1,13/01/2014,160842,116942,0.678633257,0.475,0.418,0,0.62
85,131660,FW,2,1,13/01/2014,160842,116942,0.664738041,0.475,0.418,0,0.62
75,131660,FW,2,1,13/01/2014,160842,116942,0.664738041,0.475,0.418,0,0.62
65,131050,FW,2,1,13/01/2014,160842,116942,0.678633257,0.475,0.418,0,0.62
55,130600,FW,2,1,13/01/2014,160842,116942,0.688883827,0.475,0.418,0,0.63
45,129720,FW,2,1,13/01/2014,160842,116942,0.708929385,0.475,0.418,0,0.63
35,140050,FW,2,1,13/01/2014,160842,116942,0.473621868,0.475,0.418,0,0.54
25,132680,FW,2,1,13/01/2014,160842,116942,0.641503417,0.475,0.418,0,0.61
15,133240,FW,2,1,13/01/2014,160842,116942,0.628747153,0.475,0.418,0,0.6
125,131050,FW,1,1,13/01/2014,160842,116942,0.678633257,0.475,0.418,0,0.62
115,130410,FW,1,1,13/01/2014,160842,116942,0.693211845,0.475,0.418,0,0.63
105,130900,FW,1,1,13/01/2014,160842,116942,0.682050114,0.475,0.418,0,0.62
95,130650,FW,1,1,13/01/2014,160842,116942,0.687744875,0.475,0.418,0,0.63
85,130460,FW,1,1,13/01/2014,160842,116942,0.692072893,0.475,0.418,0,0.63
75,130110,FW,1,1,13/01/2014,160842,116942,0.700045558,0.475,0.418,0,0.63
65,129520,FW,1,1,13/01/2014,160842,116942,0.713485194,0.475,0.418,0,0.64
55,129470,FW,1,1,13/01/2014,160842,116942,0.714624146,0.475,0.418,0,0.64
45,129860,FW,1,1,13/01/2014,160842,116942,0.705740319,0.475,0.418,0,0.63
35,129370,FW,1,1,13/01/2014,160842,116942,0.71690205,0.475,0.418,0,0.64
25,130060,FW,1,1,13/01/2014,160842,116942,0.70118451,0.475,0.418,0,0.63
15,131310,FW,1,1,13/01/2014,160842,116942,0.672710706,0.475,0.418,0,0.62
125,129320,PA,1,1,31/01/2014,160842,116942,0.718041002,0.475,0.418,0,0.64
115,130160,PA,1,1,31/01/2014,160842,116942,0.698906606,0.475,0.418,0,0.63
105,129760,PA,1,1,31/01/2014,160842,116942,0.708018223,0.475,0.418,0,0.63
95,130160,PA,1,1,31/01/2014,160842,116942,0.698906606,0.475,0.418,0,0.63
85,130160,PA,1,1,31/01/2014,160842,116942,0.698906606,0.475,0.418,0,0.63
75,130060,PA,1,1,31/01/2014,160842,116942,0.70118451,0.475,0.418,0,0.63
65,129570,PA,1,1,31/01/2014,160842,116942,0.712346241,0.475,0.418,0,0.64
55,128840,PA,1,1,31/01/2014,160842,116942,0.728974943,0.475,0.418,0,0.64
45,128980,PA,1,1,31/01/2014,160842,116942,0.725785877,0.475,0.418,0,0.64
35,129280,PA,1,1,31/01/2014,160842,116942,0.718952164,0.475,0.418,0,0.64
25,129180,PA,1,1,31/01/2014,160842,116942,0.721230068,0.475,0.418,0,0.64
15,130360,PA,1,1,31/01/2014,160842,116942,0.694350797,0.475,0.418,0,0.63
125,129130,SP,1,1,31/01/2014,160842,116942,0.722369021,0.475,0.418,0,0.64
115,129520,SP,1,1,31/01/2014,160842,116942,0.713485194,0.475,0.418,0,0.64
105,129760,SP,1,1,31/01/2014,160842,116942,0.708018223,0.475,0.418,0,0.63
95,130160,SP,1,1,31/01/2014,160842,116942,0.698906606,0.475,0.418,0,0.63
85,131960,SP,1,1,31/01/2014,160842,116942,0.657904328,0.475,0.418,0,0.61
75,131150,SP,1,1,31/01/2014,160842,116942,0.676355353,0.475,0.418,0,0.62
65,130460,SP,1,1,31/01/2014,160842,116942,0.692072893,0.475,0.418,0,0.63
55,130260,SP,1,1,31/01/2014,160842,116942,0.696628702,0.475,0.418,0,0.63
45,130010,SP,1,1,31/01/2014,160842,116942,0.702323462,0.475,0.418,0,0.63
35,129860,SP,1,1,31/01/2014,160842,116942,0.705740319,0.475,0.418,0,0.63
25,132370,SP,1,1,31/01/2014,160842,116942,0.64856492,0.475,0.418,0,0.61
15,132370,SP,1,1,31/01/2014,160842,116942,0.64856492,0.475,0.418,0,0.61
125,130260,PA,2,1,31/01/2014,160842,116942,0.696628702,0.475,0.418,0,0.63
115,130160,PA,2,1,31/01/2014,160842,116942,0.698906606,0.475,0.418,0,0.63
105,130260,PA,2,1,31/01/2014,160842,116942,0.696628702,0.475,0.418,0,0.63
95,130360,PA,2,1,31/01/2014,160842,116942,0.694350797,0.475,0.418,0,0.63
85,130110,PA,2,1,31/01/2014,160842,116942,0.700045558,0.475,0.418,0,0.63
75,129620,PA,2,1,31/01/2014,160842,116942,0.711207289,0.475,0.418,0,0.64
65,128890,PA,2,1,31/01/2014,160842,116942,0.727835991,0.475,0.418,0,0.64
55,128550,PA,2,1,31/01/2014,160842,116942,0.735580866,0.475,0.418,0,0.64
45,128640,PA,2,1,31/01/2014,160842,116942,0.733530752,0.475,0.418,0,0.64
35,128890,PA,2,1,31/01/2014,160842,116942,0.727835991,0.475,0.418,0,0.64
25,129280,PA,2,1,31/01/2014,160842,116942,0.718952164,0.475,0.418,0,0.64
15,130060,PA,2,1,31/01/2014,160842,116942,0.70118451,0.475,0.418,0,0.63
125,131610,SP,2,1,31/01/2014,160842,116942,0.665876993,0.475,0.418,0,0.62
115,131810,SP,2,1,31/01/2014,160842,116942,0.661321185,0.475,0.418,0,0.62
105,131860,SP,2,1,31/01/2014,160842,116942,0.660182232,0.475,0.418,0,0.62
95,131560,SP,2,1,31/01/2014,160842,116942,0.667015945,0.475,0.418,0,0.62
85,138300,SP,2,1,31/01/2014,160842,116942,0.513485194,0.475,0.418,0,0.55
75,138130,SP,2,1,31/01/2014,160842,116942,0.517357631,0.475,0.418,0,0.56
65,137500,SP,2,1,31/01/2014,160842,116942,0.531708428,0.475,0.418,0,0.56
55,142380,SP,2,1,31/01/2014,160842,116942,0.420546697,0.475,0.418,0,0.51
45,140680,SP,2,1,31/01/2014,160842,116942,0.459271071,0.475,0.418,0,0.53
35,139140,SP,2,1,31/01/2014,160842,116942,0.494350797,0.475,0.418,0,0.55
25,131910,SP,2,1,31/01/2014,160842,116942,0.65904328,0.475,0.418,0,0.62
15,131710,SP,2,1,31/01/2014,160842,116942,0.663599089,0.475,0.418,0,0.62
125,131660,PA,3,1,31/01/2014,160842,116942,0.664738041,0.475,0.418,0,0.62
115,131960,PA,3,1,31/01/2014,160842,116942,0.657904328,0.475,0.418,0,0.61
105,131960,PA,3,1,31/01/2014,160842,116942,0.657904328,0.475,0.418,0,0.61
95,135940,PA,3,1,31/01/2014,160842,116942,0.567243736,0.475,0.418,0,0.58
85,147900,PA,3,1,31/01/2014,160842,116942,0.294806378,0.475,0.418,0,0.44
75,142670,PA,3,1,31/01/2014,160842,116942,0.413940774,0.475,0.418,0,0.51
65,140450,PA,3,1,31/01/2014,160842,116942,0.464510251,0.475,0.418,0,0.53
55,140390,PA,3,1,31/01/2014,160842,116942,0.465876993,0.475,0.418,0,0.53
45,145390,PA,3,1,31/01/2014,160842,116942,0.351981777,0.475,0.418,0,0.47
35,142490,PA,3,1,31/01/2014,160842,116942,0.418041002,0.475,0.418,0,0.51
25,143030,PA,3,1,31/01/2014,160842,116942,0.405740319,0.475,0.418,0,0.5
15,139540,PA,3,1,31/01/2014,160842,116942,0.48523918,0.475,0.418,0,0.54
95,131860,FW,3,1,31/01/2014,160842,116942,0.660182232,0.475,0.418,0,0.62
85,131560,FW,3,1,31/01/2014,160842,116942,0.667015945,0.475,0.418,0,0.62
75,134080,FW,3,1,31/01/2014,160842,116942,0.609612756,0.475,0.418,0,0.6
65,137360,FW,3,1,31/01/2014,160842,116942,0.534897494,0.475,0.418,0,0.56
55,141730,FW,3,1,31/01/2014,160842,116942,0.435353075,0.475,0.418,0,0.52
45,140620,FW,3,1,31/01/2014,160842,116942,0.460637813,0.475,0.418,0,0.53
35,136100,FW,3,1,31/01/2014,160842,116942,0.563599089,0.475,0.418,0,0.58
25,135080,FW,3,1,31/01/2014,160842,116942,0.586833713,0.475,0.418,0,0.59
15,141840,FW,3,1,31/01/2014,160842,116942,0.43284738,0.475,0.418,0,0.52
125,128890,FW,2,1,31/01/2014,160842,116942,0.727835991,0.475,0.418,0,0.64
115,130850,FW,2,1,31/01/2014,160842,116942,0.683189066,0.475,0.418,0,0.62
105,131100,FW,2,1,31/01/2014,160842,116942,0.677494305,0.475,0.418,0,0.62
95,131460,FW,2,1,31/01/2014,160842,116942,0.66929385,0.475,0.418,0,0.62
85,131960,FW,2,1,31/01/2014,160842,116942,0.657904328,0.475,0.418,0,0.61
75,131910,FW,2,1,31/01/2014,160842,116942,0.65904328,0.475,0.418,0,0.62
65,131310,FW,2,1,31/01/2014,160842,116942,0.672710706,0.475,0.418,0,0.62
55,131200,FW,2,1,31/01/2014,160842,116942,0.675216401,0.475,0.418,0,0.62
45,130310,FW,2,1,31/01/2014,160842,116942,0.695489749,0.475,0.418,0,0.63
35,129910,FW,2,1,31/01/2014,160842,116942,0.704601367,0.475,0.418,0,0.63
25,130560,FW,2,1,31/01/2014,160842,116942,0.689794989,0.475,0.418,0,0.63
15,130650,FW,2,1,31/01/2014,160842,116942,0.687744875,0.475,0.418,0,0.63
125,129180,FW,1,1,31/01/2014,160842,116942,0.721230068,0.475,0.418,0,0.64
115,129670,FW,1,1,31/01/2014,160842,116942,0.710068337,0.475,0.418,0,0.63
105,129670,FW,1,1,31/01/2014,160842,116942,0.710068337,0.475,0.418,0,0.63
95,129620,FW,1,1,31/01/2014,160842,116942,0.711207289,0.475,0.418,0,0.64
85,129080,FW,1,1,31/01/2014,160842,116942,0.723507973,0.475,0.418,0,0.64
75,128740,FW,1,1,31/01/2014,160842,116942,0.731252847,0.475,0.418,0,0.64
65,129030,FW,1,1,31/01/2014,160842,116942,0.724646925,0.475,0.418,0,0.64
55,128640,FW,1,1,31/01/2014,160842,116942,0.733530752,0.475,0.418,0,0.64
45,128260,FW,1,1,31/01/2014,160842,116942,0.742186788,0.475,0.418,0,0.65
35,127730,FW,1,1,31/01/2014,160842,116942,0.754259681,0.475,0.418,0,0.65
25,128690,FW,1,1,31/01/2014,160842,116942,0.7323918,0.475,0.418,0,0.64
15,129370,FW,1,1,31/01/2014,160842,116942,0.71690205,0.475,0.418,0,0.64
125,NA,PA,1,1,19/03/2014,160842,116942,NA,0.475,0.418,0,NA
115,129760,PA,1,1,19/03/2014,160842,116942,0.708018223,0.475,0.418,0,0.63
105,129280,PA,1,1,19/03/2014,160842,116942,0.718952164,0.475,0.418,0,0.64
95,129180,PA,1,1,19/03/2014,160842,116942,0.721230068,0.475,0.418,0,0.64
85,128890,PA,1,1,19/03/2014,160842,116942,0.727835991,0.475,0.418,0,0.64
75,129670,PA,1,1,19/03/2014,160842,116942,0.710068337,0.475,0.418,0,0.63
65,130510,PA,1,1,19/03/2014,160842,116942,0.690933941,0.475,0.418,0,0.63
55,132270,PA,1,1,19/03/2014,160842,116942,0.650842825,0.475,0.418,0,0.61
45,132880,PA,1,1,19/03/2014,160842,116942,0.636947608,0.475,0.418,0,0.61
35,131460,PA,1,1,19/03/2014,160842,116942,0.66929385,0.475,0.418,0,0.62
25,131260,PA,1,1,19/03/2014,160842,116942,0.673849658,0.475,0.418,0,0.62
15,131680,PA,1,1,19/03/2014,160842,116942,0.66428246,0.475,0.418,0,0.62
125,129960,SP,1,1,19/03/2014,160842,116942,0.703462415,0.475,0.418,0,0.63
115,130510,SP,1,1,19/03/2014,160842,116942,0.690933941,0.475,0.418,0,0.63
105,130110,SP,1,1,19/03/2014,160842,116942,0.700045558,0.475,0.418,0,0.63
95,130410,SP,1,1,19/03/2014,160842,116942,0.693211845,0.475,0.418,0,0.63
85,131860,SP,1,1,19/03/2014,160842,116942,0.660182232,0.475,0.418,0,0.62
75,137690,SP,1,1,19/03/2014,160842,116942,0.52738041,0.475,0.418,0,0.56
65,137300,SP,1,1,19/03/2014,160842,116942,0.536264237,0.475,0.418,0,0.56
55,139140,SP,1,1,19/03/2014,160842,116942,0.494350797,0.475,0.418,0,0.55
45,136810,SP,1,1,19/03/2014,160842,116942,0.547425968,0.475,0.418,0,0.57
35,136590,SP,1,1,19/03/2014,160842,116942,0.552437358,0.475,0.418,0,0.57
25,133920,SP,1,1,19/03/2014,160842,116942,0.613257403,0.475,0.418,0,0.6
15,134760,SP,1,1,19/03/2014,160842,116942,0.594123007,0.475,0.418,0,0.59
125,130010,PA,2,1,19/03/2014,160842,116942,0.702323462,0.475,0.418,0,0.63
115,129620,PA,2,1,19/03/2014,160842,116942,0.711207289,0.475,0.418,0,0.64
105,129760,PA,2,1,19/03/2014,160842,116942,0.708018223,0.475,0.418,0,0.63
95,129910,PA,2,1,19/03/2014,160842,116942,0.704601367,0.475,0.418,0,0.63
85,129960,PA,2,1,19/03/2014,160842,116942,0.703462415,0.475,0.418,0,0.63
75,129670,PA,2,1,19/03/2014,160842,116942,0.710068337,0.475,0.418,0,0.63
65,129080,PA,2,1,19/03/2014,160842,116942,0.723507973,0.475,0.418,0,0.64
55,128780,PA,2,1,19/03/2014,160842,116942,0.730341686,0.475,0.418,0,0.64
45,129180,PA,2,1,19/03/2014,160842,116942,0.721230068,0.475,0.418,0,0.64
35,131810,PA,2,1,19/03/2014,160842,116942,0.661321185,0.475,0.418,0,0.62
25,132420,PA,2,1,19/03/2014,160842,116942,0.647425968,0.475,0.418,0,0.61
15,132370,PA,2,1,19/03/2014,160842,116942,0.64856492,0.475,0.418,0,0.61
125,131560,SP,2,1,19/03/2014,160842,116942,0.667015945,0.475,0.418,0,0.62
115,131560,SP,2,1,19/03/2014,160842,116942,0.667015945,0.475,0.418,0,0.62
105,133710,SP,2,1,19/03/2014,160842,116942,0.618041002,0.475,0.418,0,0.6
95,134240,SP,2,1,19/03/2014,160842,116942,0.605968109,0.475,0.418,0,0.59
85,136700,SP,2,1,19/03/2014,160842,116942,0.549931663,0.475,0.418,0,0.57
75,136320,SP,2,1,19/03/2014,160842,116942,0.558587699,0.475,0.418,0,0.57
65,135300,SP,2,1,19/03/2014,160842,116942,0.581822323,0.475,0.418,0,0.58
55,142080,SP,2,1,19/03/2014,160842,116942,0.42738041,0.475,0.418,0,0.51
45,141140,SP,2,1,19/03/2014,160842,116942,0.448792711,0.475,0.418,0,0.52
35,140220,SP,2,1,19/03/2014,160842,116942,0.469749431,0.475,0.418,0,0.53
25,131960,SP,2,1,19/03/2014,160842,116942,0.657904328,0.475,0.418,0,0.61
15,132060,SP,2,1,19/03/2014,160842,116942,0.655626424,0.475,0.418,0,0.61
125,131050,PA,3,1,19/03/2014,160842,116942,0.678633257,0.475,0.418,0,0.62
115,132880,PA,3,1,19/03/2014,160842,116942,0.636947608,0.475,0.418,0,0.61
105,137470,PA,3,1,19/03/2014,160842,116942,0.5323918,0.475,0.418,0,0.56
95,141380,PA,3,1,19/03/2014,160842,116942,0.44332574,0.475,0.418,0,0.52
85,147270,PA,3,1,19/03/2014,160842,116942,0.309157175,0.475,0.418,0,0.45
75,141200,PA,3,1,19/03/2014,160842,116942,0.447425968,0.475,0.418,0,0.52
65,139420,PA,3,1,19/03/2014,160842,116942,0.487972665,0.475,0.418,0,0.54
55,141670,PA,3,1,19/03/2014,160842,116942,0.436719818,0.475,0.418,0,0.52
45,146200,PA,3,1,19/03/2014,160842,116942,0.333530752,0.475,0.418,0,0.46
35,143450,PA,3,1,19/03/2014,160842,116942,0.396173121,0.475,0.418,0,0.5
25,142970,PA,3,1,19/03/2014,160842,116942,0.407107062,0.475,0.418,0,0.5
15,137800,PA,3,1,19/03/2014,160842,116942,0.524874715,0.475,0.418,0,0.56
125,NA,SP,3,1,19/03/2014,160842,116942,NA,0.475,0.418,0,NA
115,NA,SP,3,1,19/03/2014,160842,116942,NA,0.475,0.418,0,NA
105,NA,SP,3,1,19/03/2014,160842,116942,NA,0.475,0.418,0,NA
95,NA,SP,3,1,19/03/2014,160842,116942,NA,0.475,0.418,0,NA
85,NA,SP,3,1,19/03/2014,160842,116942,NA,0.475,0.418,0,NA
75,NA,SP,3,1,19/03/2014,160842,116942,NA,0.475,0.418,0,NA
65,NA,SP,3,1,19/03/2014,160842,116942,NA,0.475,0.418,0,NA
55,134660,SP,3,1,19/03/2014,160842,116942,0.596400911,0.475,0.418,0,0.59
45,136700,SP,3,1,19/03/2014,160842,116942,0.549931663,0.475,0.418,0,0.57
35,141960,SP,3,1,19/03/2014,160842,116942,0.430113895,0.475,0.418,0,0.51
25,137690,SP,3,1,19/03/2014,160842,116942,0.52738041,0.475,0.418,0,0.56
15,131000,SP,3,1,19/03/2014,160842,116942,0.67977221,0.475,0.418,0,0.62
125,NA,FW,3,1,19/03/2014,160842,116942,NA,0.475,0.418,0,NA
115,NA,FW,3,1,19/03/2014,160842,116942,NA,0.475,0.418,0,NA
105,NA,FW,3,1,19/03/2014,160842,116942,NA,0.475,0.418,0,NA
95,134130,FW,3,1,19/03/2014,160842,116942,0.608473804,0.475,0.418,0,0.6
85,136590,FW,3,1,19/03/2014,160842,116942,0.552437358,0.475,0.418,0,0.57
75,135720,FW,3,1,19/03/2014,160842,116942,0.572255125,0.475,0.418,0,0.58
65,135300,FW,3,1,19/03/2014,160842,116942,0.581822323,0.475,0.418,0,0.58
55,140340,FW,3,1,19/03/2014,160842,116942,0.467015945,0.475,0.418,0,0.53
45,142910,FW,3,1,19/03/2014,160842,116942,0.408473804,0.475,0.418,0,0.5
35,136370,FW,3,1,19/03/2014,160842,116942,0.557448747,0.475,0.418,0,0.57
25,133870,FW,3,1,19/03/2014,160842,116942,0.614396355,0.475,0.418,0,0.6
15,146140,FW,3,1,19/03/2014,160842,116942,NA,0.475,0.418,0,NA
125,129810,FW,2,1,19/03/2014,160842,116942,0.706879271,0.475,0.418,0,0.63
115,129570,FW,2,1,19/03/2014,160842,116942,0.712346241,0.475,0.418,0,0.64
105,129670,FW,2,1,19/03/2014,160842,116942,0.710068337,0.475,0.418,0,0.63
95,130260,FW,2,1,19/03/2014,160842,116942,0.696628702,0.475,0.418,0,0.63
85,130160,FW,2,1,19/03/2014,160842,116942,0.698906606,0.475,0.418,0,0.63
75,130360,FW,2,1,19/03/2014,160842,116942,0.694350797,0.475,0.418,0,0.63
65,131050,FW,2,1,19/03/2014,160842,116942,0.678633257,0.475,0.418,0,0.62
55,130160,FW,2,1,19/03/2014,160842,116942,0.698906606,0.475,0.418,0,0.63
45,130060,FW,2,1,19/03/2014,160842,116942,0.70118451,0.475,0.418,0,0.63
35,134450,FW,2,1,19/03/2014,160842,116942,0.60118451,0.475,0.418,0,0.59
25,135940,FW,2,1,19/03/2014,160842,116942,0.567243736,0.475,0.418,0,0.58
15,142670,FW,2,1,19/03/2014,160842,116942,0.413940774,0.475,0.418,0,0.51
125,130110,FW,1,1,19/03/2014,160842,116942,0.700045558,0.475,0.418,0,0.63
115,130560,FW,1,1,19/03/2014,160842,116942,0.689794989,0.475,0.418,0,0.63
105,130800,FW,1,1,19/03/2014,160842,116942,0.684328018,0.475,0.418,0,0.63
95,130600,FW,1,1,19/03/2014,160842,116942,0.688883827,0.475,0.418,0,0.63
85,130560,FW,1,1,19/03/2014,160842,116942,0.689794989,0.475,0.418,0,0.63
75,129860,FW,1,1,19/03/2014,160842,116942,0.705740319,0.475,0.418,0,0.63
65,129470,FW,1,1,19/03/2014,160842,116942,0.714624146,0.475,0.418,0,0.64
55,129420,FW,1,1,19/03/2014,160842,116942,0.715763098,0.475,0.418,0,0.64
45,128840,FW,1,1,19/03/2014,160842,116942,0.728974943,0.475,0.418,0,0.64
35,132220,FW,1,1,19/03/2014,160842,116942,0.651981777,0.475,0.418,0,0.61
25,131100,FW,1,1,19/03/2014,160842,116942,0.677494305,0.475,0.418,0,0.62
15,135510,FW,1,1,19/03/2014,160842,116942,0.577038724,0.475,0.418,0,0.58
